,skus,availableColors,bestUse,cleanTitle,skuSizes,styleCheckerLink,sale,partialClearance,clearance,events,imageId,index,prodId,thumbnailImageLink,brand,foundIn,collections,gender,features,freshness,shortDescription,benefit,rating,reviewCount,inventoryUnits,regularPrice,percentageOff,onlineOnly,available,outlet,tags,title,description,link,customFields,colorName,couponEligibility,displayPrice.styleId,displayPrice.min,displayPrice.max,displayPrice.advertisedMin,displayPrice.advertisedMax,displayPrice.compareAt,displayPrice.miscCharge,displayPrice.advertisedCompareAt,displayPrice.minAdvertisedPrice,displayPrice.isMinAdvertisedPriceActive,displayPrice.cartMin,displayPrice.cartMax,displayPrice.priceDisplay.priceDisplayType,displayPrice.priceDisplay.price,displayPrice.priceDisplay.salePrice,displayPrice.priceDisplay.compareAtPrice,displayPrice.priceDisplay.savingsPercent,colorDetails.displayType,colorDetails.selectedColorFamily,colorDetails.featuredVendorColor,colorDetails.selectedVendorColor,colorDetails.colors
0,[],"[{'sku': '1340720001', 'color': 'Gray', 'vendorColor': 'ABYSS GREY'}, {'sku': '1340720004', 'color': 'Red', 'vendorColor': 'RIGBY RED'}, {'sku': '1340720007', 'color': 'Blue', 'vendorColor': 'UNITY BLUE'}]",[],Atmos AG 65 Pack - Men's,,,False,False,False,[],134072,1,134072,https://www.rei.com/media/product/1340720001?size=230,Osprey,,,,,,,Don't abandon comfort just because you're leaving your creature comforts at home. The Osprey Atmos AG 65 pack uses Anti-Gravity™ technology to distribute the load and provide a dreamlike fit.,4.6331,139,,270,,False,False,False,,Atmos AG 65 Pack - Men's,Don't abandon comfort just because you're leaving your creature comforts at home. The Osprey Atmos AG 65 pack uses Anti-Gravity™ technology to distribute the load and provide a dreamlike fit.,/product/134072/osprey-atmos-ag-65-pack-mens,[],,,134072,270.0,270.0,,,270.0,,,,,,,PRICE,$270.00,,,,thumbnails,,ABYSS GREY,,"[{'vendorColorName': 'RIGBY RED', 'colorFamily': 'Red', 'swatchURI': None, 'swatchColors': ['#781117', '#410A0A'], 'sampleSku': '1340720004', 'imageURIs': ['/media/692d18d4-a152-476f-8516-7f5b3b443916', '/media/f4870dee-0429-4c4a-91e8-8caee469cf81', '/media/78281c67-5299-4b2e-9a66-490687d2539f', '/media/de1fdbbc-1527-453f-8fd4-07c66690f6f2', '/media/b1f98bca-5dcd-4fcd-88f2-ce27aa60986f', '/media/1f8df897-09d3-42f9-b9d0-70fb5dcc090b', '/media/bb64a020-aae3-4d05-a3c8-c1053e622845']}, {'vendorColorName': 'UNITY BLUE', 'colorFamily': 'Blue', 'swatchURI': None, 'swatchColors': ['#111E2A'], 'sampleSku': '1340720007', 'imageURIs': ['/media/3e2cbb6c-95b6-4b99-b95b-2dce34ebbfc5', '/media/815576d6-92c3-4f8d-af62-6659b6c590c1', '/media/5f01c1b9-137f-4ff4-9181-ea4ab7e33109']}, {'vendorColorName': 'ABYSS GREY', 'colorFamily': 'Gray', 'swatchURI': None, 'swatchColors': ['#474C54'], 'sampleSku': '1340720001', 'imageURIs': ['/media/07325538-a1f2-4d5b-8949-ac3082c62f59', '/media/ff0c004f-b8b1-49f3-878a-efdc94db2871', '/media/4464ca90-e927-4a1e-8db8-3f113bba7e28', '/media/a4f3022e-2dcd-4a1f-b172-c2c52aac75e9', '/media/05cdae54-9818-4464-b66f-45cf919834eb', '/media/89eb32fc-a886-438c-b4d0-12a4d5a41df7']}]"
1,[],"[{'sku': '1267170001', 'color': 'Blue', 'vendorColor': 'CHALLENGER BLUE'}, {'sku': '1267170004', 'color': 'Red', 'vendorColor': 'GAMMA RED'}, {'sku': '1267170007', 'color': 'Gray', 'vendorColor': 'VESTAL GREY'}]",[],Aura AG 65 Pack - Women's,,,False,False,False,[],126717,2,126717,https://www.rei.com/media/product/1267170001?size=230,Osprey,,,,,,,"With an Anti-Gravity™ suspension system and a women-specific fit, the Osprey Aura AG 65 pack lets you maintain comfort when you're trading your creature comforts for adventures on the trail.",4.4819,83,,270,,False,False,False,,Aura AG 65 Pack - Women's,"With an Anti-Gravity™ suspension system and a women-specific fit, the Osprey Aura AG 65 pack lets you maintain comfort when you're trading your creature comforts for adventures on the trail.",/product/126717/osprey-aura-ag-65-pack-womens,[],,,126717,270.0,270.0,,,270.0,,,,,,,PRICE,$270.00,,,,thumbnails,,CHALLENGER BLUE,,"[{'vendorColorName': 'GAMMA RED', 'colorFamily': 'Red', 'swatchURI': None, 'swatchColors': ['#50101A'], 'sampleSku': '1267170004', 'imageURIs': ['/media/d1d38778-a2b3-48fd-9da8-1c2c0d95b5fa', '/media/a926a48f-ee3c-4844-887c-80ab77903ee3', '/media/b9002f19-2e54-40d2-a858-e6cc0b7b4d04', '/media/b4665728-9edc-4d0d-8e4d-db62df380be2', '/media/87e3de90-1bdd-4c35-9da7-65c14ffbf420', '/media/af70ee5c-16d1-4158-964f-355cf18f68e6']}, {'vendorColorName': 'CHALLENGER BLUE', 'colorFamily': 'Blue', 'swatchURI': None, 'swatchColors': ['#254254'], 'sampleSku': '1267170001', 'imageURIs': ['/media/824d588e-780e-46cd-bc73-5fd0d301c089', '/media/495a6150-d9e8-445d-938c-52957494b7de', '/media/77e951af-e79f-44c3-9f71-ffa143386315', '/media/17ea44a6-840f-4222-908c-66c57b26d9ea']}, {'vendorColorName': 'VESTAL GREY', 'colorFamily': 'Gray', 'swatchURI': None, 'swatchColors': ['#484D55'], 'sampleSku': '1267170007', 'imageURIs': ['/media/fb09279b-381a-48bb-91ff-75a12aa29aaa', '/media/c92f3f18-6c1f-4317-bdf1-bf8cfe5884c7', '/media/75513678-f48f-4720-9206-f72fa7db8093', '/media/3b1ced54-3584-4c50-a879-ed98953a2659', '/media/cdaa8b54-9653-437a-875a-84b72055c37c', '/media/409e5c30-cfb5-41c7-92d0-04e40675c157', '/media/aadd0aa3-2674-48b9-83a9-6c1379b256d1', '/media/c8e28d12-02a3-47ca-b162-a2337577b0d5', '/media/b81f9aaf-d4d9-4342-816d-71f7b14521b3', '/media/1c97a0d0-452c-4c0f-997c-e640cf0c0181', '/media/6fef14e1-320d-4d60-b7d5-258b340827a2', '/media/397a3e01-1969-4356-9049-818eca449171', '/media/2a1bfc09-7958-471d-8bbe-02dfb67ee553', '/media/3037424e-9b99-4966-9431-ddbf169f0f41', '/media/0ba6868f-c1ab-4a16-8790-bc165188b637', '/media/75522cb7-f4d7-4465-b1c3-ccb040b7d3d4', '/media/f8af8a71-fc5d-481a-88c9-268c1773d917', '/media/5b533da2-97c9-4522-a0bd-283afbe2864f', '/media/9f207786-0790-4900-a8a5-9c1a51b723bf']}]"
2,[],"[{'sku': '1113010001', 'color': 'Black', 'vendorColor': 'BLACK'}, {'sku': '1113010002', 'color': 'Purple', 'vendorColor': 'RUSKA PURPLE'}, {'sku': '1113010003', 'color': 'Blue', 'vendorColor': 'SUMMIT BLUE'}]",[],Sirrus 24 Pack - Women's,,,False,False,False,[],111301,3,111301,https://www.rei.com/media/product/1113010001?size=230,Osprey,,,,,,,"With panel-loading convenience and organization, and a women-specific fit, the Osprey Sirrus 24 pack carries everything you need on a day hike.",4.2778,126,,140,,False,False,False,,Sirrus 24 Pack - Women's,"With panel-loading convenience and organization, and a women-specific fit, the Osprey Sirrus 24 pack carries everything you need on a day hike.",/product/111301/osprey-sirrus-24-pack-womens,[],,,111301,140.0,140.0,,,140.0,,,,,,,PRICE,$140.00,,,,thumbnails,,RUSKA PURPLE,,"[{'vendorColorName': 'BLACK', 'colorFamily': 'Black', 'swatchURI': None, 'swatchColors': ['#252828'], 'sampleSku': '1113010001', 'imageURIs': ['/media/95d011d5-48de-492b-b831-cf6b3c0bfa61', '/media/41db2023-0ccf-4688-9882-44c5bac68e40']}, {'vendorColorName': 'SUMMIT BLUE', 'colorFamily': 'Blue', 'swatchURI': None, 'swatchColors': ['#0B5583'], 'sampleSku': '1113010003', 'imageURIs': ['/media/5c4c367f-792c-4367-a457-f17ca8fdd932', '/media/297350b2-a04e-4928-b0f7-1987fc3acc25', '/media/fbb359c4-8f13-428e-8ec3-31f1b85afa19', '/media/f93ad11b-109e-4532-b80b-1257c3204f14', '/media/885351aa-f9fe-49f8-b1fc-e8d55680beec', '/media/38db1ed8-ff27-4d5c-8118-e53fa250671c', '/media/2a54d255-5286-46e5-8623-b29b30c1071f', '/media/d08f7af5-f25f-4040-b254-9168c38368de', '/media/da048ada-5487-40c8-8cd6-7681cae9ba20', '/media/84343c17-c175-4625-80b7-a3d54ef0b279', '/media/e1a6295e-4b6b-4ed8-82e2-a03f00abd397', '/media/b341bf9a-dc03-44f9-a1a5-ef1b0c83b092']}, {'vendorColorName': 'RUSKA PURPLE', 'colorFamily': 'Purple', 'swatchURI': None, 'swatchColors': ['#411142'], 'sampleSku': '1113010002', 'imageURIs': ['/media/249c465f-49b9-4472-94b9-100c169f306f', '/media/f0a0ddf0-b13b-4d9c-8078-d83f36688253']}]"
3,[],"[{'sku': '1267160001', 'color': 'Blue', 'vendorColor': 'CHALLENGER BLUE'}, {'sku': '1267160004', 'color': 'Red', 'vendorColor': 'GAMMA RED'}, {'sku': '1267160007', 'color': 'Gray', 'vendorColor': 'VESTAL GREY'}]",[],Aura AG 50 Pack - Women's,,,False,False,False,[],126716,4,126716,https://www.rei.com/media/product/1267160003?size=230,Osprey,,,,,,,"The joy is in the journey when you're carrying the women-specific Osprey Aura AG 50 pack, which uses Anti-Gravity™ technology to balance heavy loads and provide cooling comfort on long treks.",4.625,48,,240,,False,False,False,,Aura AG 50 Pack - Women's,"The joy is in the journey when you're carrying the women-specific Osprey Aura AG 50 pack, which uses Anti-Gravity™ technology to balance heavy loads and provide cooling comfort on long treks.",/product/126716/osprey-aura-ag-50-pack-womens,[],,,126716,240.0,240.0,,,240.0,,,,,,,PRICE,$240.00,,,,thumbnails,,CHALLENGER BLUE,,"[{'vendorColorName': 'GAMMA RED', 'colorFamily': 'Red', 'swatchURI': None, 'swatchColors': ['#4D0E19'], 'sampleSku': '1267160004', 'imageURIs': ['/media/d6bf744c-d75d-4e84-8414-a26df112f2d6', '/media/57261489-abeb-425b-a7d8-dd6615c15ce3', '/media/41008ff7-fd31-4f46-9b9c-55882459f7a5']}, {'vendorColorName': 'CHALLENGER BLUE', 'colorFamily': 'Blue', 'swatchURI': None, 'swatchColors': ['#254254'], 'sampleSku': '1267160001', 'imageURIs': ['/media/aaa361ce-141c-4b7a-9eff-72073a222daf', '/media/3cb065e8-e64b-49c0-b372-374b849258c1']}, {'vendorColorName': 'VESTAL GREY', 'colorFamily': 'Gray', 'swatchURI': None, 'swatchColors': ['#484D55'], 'sampleSku': '1267160007', 'imageURIs': ['/media/75f1bf2a-133b-4877-b9c7-002028115799', '/media/2c770568-0d7e-4c9c-8e3d-35cd1d00285d']}]"
4,[],"[{'sku': '1179660002', 'color': 'Black', 'vendorColor': 'BLACK'}, {'sku': '1179660015', 'color': 'Blue', 'vendorColor': 'CLASSIC NAVY/CLASSIC NAVY'}, {'sku': '1179660017', 'color': 'Red', 'vendorColor': 'ROAMER RED'}, {'sku': '1179660019', 'color': 'Blue', 'vendorColor': 'SMOLDER BLUE/BUCKWHEAT GOLD'}, {'sku': '1179660020', 'color': 'Blue', 'vendorColor': 'SMOLDER BLUE/PATCHWORK'}, {'sku': '1179660021', 'color': 'Blue', 'vendorColor': 'TIDEPOOL BLUE/TROPICAL BIRDS'}]",[],Atom Sling,,,False,False,False,[],117966,5,117966,https://www.rei.com/media/product/1179660020?size=230,Patagonia,,,,,,,"Just big enough for all the essentials, the Patagonia Atom sling blends the comfort of a backpack, the convenience of a shoulder bag and the low-profile carry of a courier's tote.",4.5608,148,,59,,False,False,False,,Atom Sling,"Just big enough for all the essentials, the Patagonia Atom sling blends the comfort of a backpack, the convenience of a shoulder bag and the low-profile carry of a courier's tote.",/product/117966/patagonia-atom-sling,[],,,117966,59.0,59.0,,,59.0,,,,,,,PRICE,$59.00,,,,thumbnails,,CLASSIC NAVY/CLASSIC NAVY,,"[{'vendorColorName': 'BLACK', 'colorFamily': 'Black', 'swatchURI': None, 'swatchColors': ['#292728'], 'sampleSku': '1179660002', 'imageURIs': ['/media/417a4b9f-3a2d-4d6e-bc0c-b4e10c606fbd', '/media/73905941-591e-4d57-af2b-633c8b2131e9', '/media/1ef4e8ad-304a-4d20-a7fa-0460469f4dd8', '/media/43a6bdf3-01f5-4f35-a3f4-1de80b170d8f', '/media/c4d1e978-dba9-4c72-bfc7-391f7b3b128b', '/media/8ef23d1a-6fcc-4493-9772-f76e2d00a3ba']}, {'vendorColorName': 'SMOLDER BLUE/BUCKWHEAT GOLD', 'colorFamily': 'Blue', 'swatchURI': None, 'swatchColors': ['#3B3E42'], 'sampleSku': '1179660019', 'imageURIs': ['/media/f6792111-429a-4903-b390-8e543131c89c']}, {'vendorColorName': 'ROAMER RED', 'colorFamily': 'Red', 'swatchURI': None, 'swatchColors': ['#701F2C'], 'sampleSku': '1179660017', 'imageURIs': ['/media/0f3285ac-546e-4e78-b0f5-f2ce98064f72', '/media/7039c3e0-f09e-4a52-92be-a8997c8c1e80', '/media/b70391f1-726e-4355-aa55-f72457f88d95', '/media/c768bf3c-242c-4068-a542-6155858fc20b', '/media/f9096aca-c8f6-44cb-958f-d7f01db2ace2']}, {'vendorColorName': 'CLASSIC NAVY/CLASSIC NAVY', 'colorFamily': 'Blue', 'swatchURI': None, 'swatchColors': ['#282E3F'], 'sampleSku': '1179660015', 'imageURIs': ['/media/c64c217b-d29a-4452-8337-9b5dc37a7802', '/media/e5d34cba-3ce5-4bc2-b26f-92a80aa22f1f', '/media/79fee388-6bf8-4f01-9142-6fcb85c4f1c6', '/media/99421459-cbf5-455d-9660-bf4aa1a56e57', '/media/0463a85b-a8dc-4118-98f7-d90b2c791187', '/media/a159d24c-b392-4a83-9239-173720224a99']}, {'vendorColorName': 'SMOLDER BLUE/PATCHWORK', 'colorFamily': 'Blue', 'swatchURI': None, 'swatchColors': ['#4D5469', '#CDAE68'], 'sampleSku': '1179660020', 'imageURIs': ['/media/99ef46fe-c3e5-4fb0-97e3-d6c566003444']}, {'vendorColorName': 'TIDEPOOL BLUE/TROPICAL BIRDS', 'colorFamily': 'Blue', 'swatchURI': None, 'swatchColors': ['#363F50', '#8D7F7A'], 'sampleSku': '1179660021', 'imageURIs': ['/media/cbc109af-5fb5-4b31-933d-91b86f5f13e9']}]"
5,[],"[{'sku': '1466300001', 'color': 'Brown', 'vendorColor': 'POTTERY CLAY/BROWN GINGHAM'}, {'sku': '1466300003', 'color': 'Black', 'vendorColor': 'BLACK/BLACK GINGHAM'}]",[],Blaze 60 Pack - Men's,,,False,False,False,[],146630,6,146630,https://www.rei.com/media/product/1466300003?size=230,Granite Gear,,,,,,,"Built to go the distance—no matter how rocky, muddy or tough—the men's Granite Gear Blaze 60 pack comfortably hauls the gear you need for multiday adventures off the grid.",4.0,7,,269.95,,False,False,False,,Blaze 60 Pack - Men's,"Built to go the distance—no matter how rocky, muddy or tough—the men's Granite Gear Blaze 60 pack comfortably hauls the gear you need for multiday adventures off the grid.",/product/146630/granite-gear-blaze-60-pack-mens,[],,,146630,269.95,269.95,,,269.95,,,,,,,PRICE,$269.95,,,,thumbnails,,POTTERY CLAY/BROWN GINGHAM,,"[{'vendorColorName': 'POTTERY CLAY/BROWN GINGHAM', 'colorFamily': 'Brown', 'swatchURI': None, 'swatchColors': ['#806541', '#A69785'], 'sampleSku': '1466300001', 'imageURIs': ['/media/d5728b19-f8c2-41f2-9f00-ec6dac027896', '/media/7fb8bd6a-0426-4cac-b960-6593e52b5ea8', '/media/3349f041-a72f-498d-ae89-37a84c507e36', '/media/27770509-628f-402f-8c27-8a763cb5174e', '/media/51cfd64c-a3c7-4978-8a01-e30be24a62d2', '/media/1ed19d31-4a54-4346-af01-03d83c1cde9a', '/media/f05e40f0-5963-4f52-8d86-a5f992aa4750', '/media/67b52a0d-f956-4ff7-854c-25827c494465', '/media/73e0dd23-b835-42b5-a1c4-fb3a3f4e6ea0', '/media/87686a33-3572-4089-af15-a06fde6edc6b']}, {'vendorColorName': 'BLACK/BLACK GINGHAM', 'colorFamily': 'Black', 'swatchURI': None, 'swatchColors': ['#313131', '#7E7E7E'], 'sampleSku': '1466300003', 'imageURIs': ['/media/bef5221a-0660-4716-8344-c26866d71614', '/media/9dbdb44d-6fce-4d17-97ad-7632913941b5', '/media/99408c24-d839-4674-b171-517319e1cbe2', '/media/18ad63c1-ab2c-45aa-ba85-8bc6da716f53', '/media/89cdd338-b6d6-4cd3-8e77-4e285b669f6a']}]"
6,[],"[{'sku': '1013660001', 'color': 'Blue', 'vendorColor': 'BLUE'}]",[],Hydraulics Reservoir - 3 Liters,,,False,False,False,[],101366,7,101366,https://www.rei.com/media/product/1013660001?size=230,Osprey,,,,,,,The 3-liter Osprey Hydraulics reservoir is ideal for large-volume packs and long-duration activities.,4.0338,266,,42,,False,False,False,,Hydraulics Reservoir - 3 Liters,The 3-liter Osprey Hydraulics reservoir is ideal for large-volume packs and long-duration activities.,/product/101366/osprey-hydraulics-reservoir-3-liters,[],,,101366,42.0,42.0,,,42.0,,,,,,,PRICE,$42.00,,,,thumbnails,,BLUE,,"[{'vendorColorName': 'BLUE', 'colorFamily': 'Blue', 'swatchURI': None, 'swatchColors': ['#D1D5DA', '#40657C'], 'sampleSku': '1013660001', 'imageURIs': ['/media/2c70a109-1e92-402b-b9d3-6d89fba2167d', '/media/98ce685d-fee5-42db-b08f-779f58543905', '/media/23d0b809-8d8a-402b-887a-77aeff85df2b']}]"
7,[],"[{'sku': '1684840001', 'color': 'Black', 'vendorColor': 'BLACK'}, {'sku': '1684840002', 'color': 'Red', 'vendorColor': 'DARK RED'}, {'sku': '1684840003', 'color': 'Blue', 'vendorColor': 'INDIGO'}]",[],Trail 25 Pack - Men's,,,False,False,False,[],168484,8,168484,https://www.rei.com/media/product/1684840001?size=230,REI Co-op,,,,,,,"Sized just right for day hikes, commuting and carry-on travel, the men's REI Co-op Trail 25 pack holds plenty of gear, keeps it well organized and rides light and comfy on your back.",4.75,72,,79.95,,False,False,False,,Trail 25 Pack - Men's,"Sized just right for day hikes, commuting and carry-on travel, the men's REI Co-op Trail 25 pack holds plenty of gear, keeps it well organized and rides light and comfy on your back.",/product/168484/rei-co-op-trail-25-pack-mens,[],,,168484,79.95,79.95,,,79.95,,,,,,,PRICE,$79.95,,,,thumbnails,,INDIGO,,"[{'vendorColorName': 'BLACK', 'colorFamily': 'Black', 'swatchURI': None, 'swatchColors': ['#404041'], 'sampleSku': '1684840001', 'imageURIs': ['/media/236a0b79-9fa2-4240-9251-bacceb4356a5', '/media/04f735a8-b6ca-4744-83c5-4e2e56eb8963', '/media/d842ce77-1126-4ebe-a3e6-58426b564b93', '/media/3fee0298-c4a3-4d36-8bd5-ac39747415f2', '/media/39e426ea-4208-405a-b4bb-9d68dfbcae2e', '/media/e35a2607-c8af-433f-a388-2fae21b6e6e7', '/media/bf6208a7-5d13-4065-8661-96b742d9d25c', '/media/49c2a05f-fdc6-45b4-9bd5-f4c5f6414af9', '/media/e60fb9f1-d660-49ad-a752-585125dbc292', '/media/5905a550-6a54-408f-bd3e-9a35ae25ca41']}, {'vendorColorName': 'INDIGO', 'colorFamily': 'Blue', 'swatchURI': None, 'swatchColors': ['#344561'], 'sampleSku': '1684840003', 'imageURIs': ['/media/f04915e6-dc75-446a-9858-78dc08a02e2e', '/media/a2ab23a6-d4fc-42bf-bf5d-1f70c4451b31', '/media/65baf1c7-55fd-4ddd-986a-7abf0dca4aa3', '/media/4085c46d-87f8-45d6-97a0-33b12e1bd2aa', '/media/8bfd723a-4e24-4968-a5f7-250d563bdf42', '/media/fbb4f670-0029-43cd-a767-d8b1835c1ab6', '/media/859460f6-38fc-4edb-97fa-127babc50e08']}, {'vendorColorName': 'DARK RED', 'colorFamily': 'Red', 'swatchURI': None, 'swatchColors': ['#A04248'], 'sampleSku': '1684840002', 'imageURIs': ['/media/05ba915a-c002-4b11-8b6c-5fe8734bb989', '/media/e2032175-f0fe-412a-be2f-32b76726332c', '/media/55a44f70-01dc-44ba-8184-63828fb3458b', '/media/b200c3d6-b310-4ffe-8d88-9ac4ef38c65e', '/media/8ee60fbf-0b93-4ad4-961c-83ac8f268f2c', '/media/23ae6a6d-6e15-473e-bfbf-a4c8f8aa37f2', '/media/fda1069d-802b-4e10-b919-9bccb9e11b0f', '/media/b5dd0ff7-6757-4ce1-b564-c9164ef04f79', '/media/5bcaf8d4-5841-4797-9918-3ebabfc567eb']}]"
8,[],"[{'sku': '1232050001', 'color': 'Blue', 'vendorColor': 'DUSK BLUE'}, {'sku': '1232050004', 'color': 'Orange', 'vendorColor': 'FERROUS ORANGE'}]",[],Baltoro 75 Pack - Men's,,,False,False,False,[],123205,9,123205,https://www.rei.com/media/product/1232050006?size=230,Gregory,,,,,,,"Winter weekends and extended trail trips are all on the table with the Gregory Baltoro 75 pack. Its customizable suspension system delivers dynamic support, making easy work out of long miles.",4.5595,84,,329.95,,False,False,False,,Baltoro 75 Pack - Men's,"Winter weekends and extended trail trips are all on the table with the Gregory Baltoro 75 pack. Its customizable suspension system delivers dynamic support, making easy work out of long miles.",/product/123205/gregory-baltoro-75-pack-mens,[],,,123205,329.95,329.95,,,329.95,,,,,,,PRICE,$329.95,,,,thumbnails,,DUSK BLUE,,"[{'vendorColorName': 'DUSK BLUE', 'colorFamily': 'Blue', 'swatchURI': None, 'swatchColors': ['#444A57'], 'sampleSku': '1232050001', 'imageURIs': ['/media/0b630820-073e-4710-bcdd-5fe0b81a8a51', '/media/eba6e75f-a003-4e47-aa5e-8a60267b3119', '/media/c98411a8-26ee-480a-8ca9-508a53561bea', '/media/a32eb0fd-ad13-466c-86c0-420190fba10d']}, {'vendorColorName': 'FERROUS ORANGE', 'colorFamily': 'Orange', 'swatchURI': None, 'swatchColors': ['#CA604E', '#F6F2F0'], 'sampleSku': '1232050004', 'imageURIs': ['/media/907841f9-ab00-4680-ba27-0eac315ad911', '/media/1cdb9617-1eb4-4ac6-8fd4-b17996873c56', '/media/3a6b3b51-9884-4e11-89b3-1027829c4586', '/media/09e232d6-20d4-4762-aa7b-3be6e17ed28f', '/media/f05f90d1-c267-4382-b304-a77ef9a24da5', '/media/7cc37031-aade-46f8-b88a-c46a5d1716ee', '/media/fb893138-a96a-4e8c-8089-9effb5febeeb', '/media/bb622f59-567c-4e15-86a4-71e7546f5d26', '/media/1286ee57-4735-4dba-90cf-cce1f31beab6', '/media/b43c933d-9d73-4e8b-b07e-0fe18f13f1fa', '/media/84d2cafd-4ccd-46c8-aa02-f96cb239714e', '/media/68ecc8da-5543-4b7e-b6c2-da08170aeaa8', '/media/69900f2c-237f-4208-9535-36790c20a5b4', '/media/e2c1251c-b938-4936-8072-bac725100264', '/media/840412e7-f95f-4726-854d-60042853a91c']}]"
9,[],"[{'sku': '1267070001', 'color': 'Gray', 'vendorColor': 'ABYSS GREY'}, {'sku': '1267070004', 'color': 'Red', 'vendorColor': 'RIGBY RED'}, {'sku': '1267070007', 'color': 'Blue', 'vendorColor': 'UNITY BLUE'}]",[],Atmos AG 50 Pack - Men's,,,False,False,False,[],126707,10,126707,https://www.rei.com/media/product/1267070003?size=230,Osprey,,,,,,,Linger on the trail a little longer with the Osprey Atmos AG 50 pack. Its ventilated Anti-Gravity™ suspension system and 9 pockets make it a pleasure to shoulder your backcountry essentials.,4.3659,41,,240,,False,False,False,,Atmos AG 50 Pack - Men's,Linger on the trail a little longer with the Osprey Atmos AG 50 pack. Its ventilated Anti-Gravity™ suspension system and 9 pockets make it a pleasure to shoulder your backcountry essentials.,/product/126707/osprey-atmos-ag-50-pack-mens,[],,,126707,240.0,240.0,,,240.0,,,,,,,PRICE,$240.00,,,,thumbnails,,ABYSS GREY,,"[{'vendorColorName': 'RIGBY RED', 'colorFamily': 'Red', 'swatchURI': None, 'swatchColors': ['#6B0F14'], 'sampleSku': '1267070004', 'imageURIs': ['/media/27f2fb76-4010-4c7e-bc49-2dc85a48ca2f', '/media/9f7f5b29-ce9f-41be-9027-affde98cf777', '/media/f35f71f9-914f-4744-a40a-5810a922fa76', '/media/de9371c7-2302-423c-9093-a6226e62b31c']}, {'vendorColorName': 'UNITY BLUE', 'colorFamily': 'Blue', 'swatchURI': None, 'swatchColors': ['#111E2A'], 'sampleSku': '1267070007', 'imageURIs': ['/media/fa640f14-6e03-48f2-9e1a-8f4e5ba6dec2', '/media/69978573-ace7-4fa4-a774-609b097842e8']}, {'vendorColorName': 'ABYSS GREY', 'colorFamily': 'Gray', 'swatchURI': None, 'swatchColors': ['#484C54'], 'sampleSku': '1267070001', 'imageURIs': ['/media/d67d0533-b44e-45ff-a095-b3378c5240cd', '/media/643f58b7-81b5-44cd-bfa6-e4bafecf41dc']}]"
10,[],"[{'sku': '1863820001', 'color': 'Gray', 'vendorColor': 'ALUMINUM GREY'}, {'sku': '1863820002', 'color': 'Black', 'vendorColor': 'BLACK'}, {'sku': '1863820003', 'color': 'Red', 'vendorColor': 'COSMIC RED'}, {'sku': '1863820004', 'color': 'Purple', 'vendorColor': 'DREAM PURPLE'}, {'sku': '1863820005', 'color': 'Green', 'vendorColor': 'PLANT PRINT'}, {'sku': '1863820007', 'color': 'Blue', 'vendorColor': 'WAVE BLUE'}]",[],Daylite Pack,,,False,False,False,[],186382,11,186382,https://www.rei.com/media/product/1863820001?size=230,Osprey,,,,,,,"Reach for the Osprey Daylite pack whenever you're running everyday errands, heading out of town or just jetting out for a quick hike. It's lightweight, simple, durable and comfortable.",4.2,5,,60,,False,False,False,,Daylite Pack,"Reach for the Osprey Daylite pack whenever you're running everyday errands, heading out of town or just jetting out for a quick hike. It's lightweight, simple, durable and comfortable.",/product/186382/osprey-daylite-pack,[],,,186382,60.0,60.0,,,60.0,,,,,,,PRICE,$60.00,,,,thumbnails,,ALUMINUM GREY,,"[{'vendorColorName': 'BLACK', 'colorFamily': 'Black', 'swatchURI': None, 'swatchColors': ['#292A29'], 'sampleSku': '1863820002', 'imageURIs': ['/media/83050544-b852-4fcb-87c7-e8653e328707', '/media/c8e414af-dc6b-48a9-883b-7657505cf6c1']}, {'vendorColorName': 'ALUMINUM GREY', 'colorFamily': 'Gray', 'swatchURI': None, 'swatchColors': ['#ADAEB0', '#2A3B46'], 'sampleSku': '1863820001', 'imageURIs': ['/media/14f6663b-7304-4015-b04e-7cd7b2abbe64', '/media/7fa10973-3147-45b3-8168-32aa07aa907b']}, {'vendorColorName': 'WAVE BLUE', 'colorFamily': 'Blue', 'swatchURI': None, 'swatchColors': ['#243E53'], 'sampleSku': '1863820007', 'imageURIs': ['/media/6c4953c6-504d-43db-b678-9f79c3beff98', '/media/4deceee4-e0e7-4162-aa9c-d03c7fa3379b', '/media/17f710fe-1133-42cf-ada9-8307d0fea505', '/media/b9537ff7-b106-4851-b7da-dd161a2514d2', '/media/de4a1314-b2d0-4724-bf25-87d2992334e8', '/media/2d3990b8-d198-4886-b109-83dddaaa16c1', '/media/673e7b07-f4dc-41ea-a44a-0a3b33cea30c', '/media/3977e0be-5cfd-448e-97f7-a47a84d7b0c3']}, {'vendorColorName': 'COSMIC RED', 'colorFamily': 'Red', 'swatchURI': None, 'swatchColors': ['#85192B', '#E2DDDE'], 'sampleSku': '1863820003', 'imageURIs': ['/media/508f6c5a-2e0d-4f32-8a8b-84fd5cfb45da', '/media/4debe534-7de1-4ab8-b909-1624c54a50d4', '/media/73db3b5f-d034-4ccc-8d07-ad943781af50', '/media/80cf31ac-cf84-4b7b-b3f6-275722259eb6', '/media/e2f0dda8-1b08-44dd-8b7d-4e7d0cd616ef', '/media/97dd5b74-12de-48f8-901c-f23bc7439d7d']}, {'vendorColorName': 'DREAM PURPLE', 'colorFamily': 'Purple', 'swatchURI': None, 'swatchColors': ['#483C61'], 'sampleSku': '1863820004', 'imageURIs': ['/media/45957f0f-f9dc-4ed1-ab74-3e26da170042', '/media/3392c184-5c5a-4232-a172-f374a4900aa0']}, {'vendorColorName': 'PLANT PRINT', 'colorFamily': 'Green', 'swatchURI': None, 'swatchColors': ['#234B4E', '#5E8381'], 'sampleSku': '1863820005', 'imageURIs': ['/media/85ecbc80-6826-4eaf-8ad7-c0204ea2aaeb', '/media/14aa81fc-3ee3-480f-884a-be6cb4548baa', '/media/d8f6de97-d8e6-462d-9e73-9f52b566b22b', '/media/2dd1fdea-7a1d-4ef1-9aa0-de8874240b7f']}]"
11,[],"[{'sku': '1740240001', 'color': 'Blue', 'vendorColor': 'OPTIC BLUE'}]",[],3D Hydro Reservoir - 2 Liters,,,False,False,False,[],174024,12,174024,https://www.rei.com/media/product/1740240001?size=230,Gregory,,,,,,,"The unique, soft-molded design of the 2-liter Gregory 3D Hydro reservoir provides comfort and stability on the trail and dries quickly thanks to the integrated hanger.",4.6238,101,,37.95,,False,False,False,,3D Hydro Reservoir - 2 Liters,"The unique, soft-molded design of the 2-liter Gregory 3D Hydro reservoir provides comfort and stability on the trail and dries quickly thanks to the integrated hanger.",/product/174024/gregory-3d-hydro-reservoir-2-liters,[],,,174024,37.95,37.95,,,37.95,,,,,,,PRICE,$37.95,,,,thumbnails,,OPTIC BLUE,,"[{'vendorColorName': 'OPTIC BLUE', 'colorFamily': 'Blue', 'swatchURI': None, 'swatchColors': ['#ACCCE8', '#27456D'], 'sampleSku': '1740240001', 'imageURIs': ['/media/c4b0aacc-ca58-437e-8164-3898e4a5fa61', '/media/8d257fb5-9bbe-41de-b56f-3564b4be5ede', '/media/2b43dd6c-129d-4b9c-a2c7-294f5f8662e2', '/media/916b1782-1257-4dc8-bfe0-7b8188839df4', '/media/a9f28ced-ce04-413a-8c31-6055c28b0302', '/media/d59b3031-3f12-45c1-8168-b871f7194566', '/media/017f1723-f86e-41ea-858b-03c3717d51ad', '/media/e85e9c39-4a04-43d0-9bbc-476b7690f96d', '/media/6975a2e4-fb98-405f-8f3e-8ad82e81872b', '/media/7e294c69-b5f5-48a8-866c-e2ae1ccd37c0', '/media/59101431-3a89-47de-88e2-0dab37c5dd5e', '/media/f404bc6f-fcb6-4e23-bcd0-945f0265519d']}]"
12,[],"[{'sku': '1267090001', 'color': 'Black', 'vendorColor': 'BLAZE BLACK'}, {'sku': '1267090004', 'color': 'Green', 'vendorColor': 'TUNNEL GREEN'}]",[],Exos 58 Pack - Men's,,,False,False,False,[],126709,13,126709,https://www.rei.com/media/product/1267090001?size=230,Osprey,,,,,,,"Light on the scale but not on comfort, the ultralight Osprey Exos 58 pack offers a ventilated suspension system that evenly distributes weight and offers a supportive fit for logging big miles.",4.2824,85,,220,,False,False,False,,Exos 58 Pack - Men's,"Light on the scale but not on comfort, the ultralight Osprey Exos 58 pack offers a ventilated suspension system that evenly distributes weight and offers a supportive fit for logging big miles.",/product/126709/osprey-exos-58-pack-mens,[],,,126709,220.0,220.0,,,220.0,,,,,,,PRICE,$220.00,,,,thumbnails,,TUNNEL GREEN,,"[{'vendorColorName': 'BLAZE BLACK', 'colorFamily': 'Black', 'swatchURI': None, 'swatchColors': ['#4B4646', '#EBBBAE'], 'sampleSku': '1267090001', 'imageURIs': ['/media/0b2bbe28-560b-4cd3-b401-61bcc0417b31', '/media/01c4deed-6510-46b2-9145-a0fd891512c6', '/media/34bf34cb-bcd5-4bc0-9668-439b595e241b', '/media/70c9556f-ddee-438c-a7f9-192a17655d06']}, {'vendorColorName': 'TUNNEL GREEN', 'colorFamily': 'Green', 'swatchURI': None, 'swatchColors': ['#364F2F'], 'sampleSku': '1267090004', 'imageURIs': ['/media/45116072-0bc8-45f1-9bbe-d4335d32908c', '/media/d9edd86b-d5e6-48b0-acbe-39885a90ea9d']}]"
13,[],"[{'sku': '1775730001', 'color': 'Black', 'vendorColor': 'STEALTH BLACK'}, {'sku': '1775730005', 'color': 'Gray', 'vendorColor': 'ECLIPSE GREY'}, {'sku': '1775730007', 'color': 'Green', 'vendorColor': 'LIMON GREEN'}]",[],Talon 22 Pack - Men's,,,False,False,False,[],177573,14,177573,https://www.rei.com/media/product/1775730001?size=230,Osprey,,,,,,,"Bring hydration, food and extra layers along wherever your imagination takes you with the men's Osprey Talon 22 pack, your new favorite day-hiking, biking or peak-bagging carry solution.",4.4545,11,,130,,False,False,False,,Talon 22 Pack - Men's,"Bring hydration, food and extra layers along wherever your imagination takes you with the men's Osprey Talon 22 pack, your new favorite day-hiking, biking or peak-bagging carry solution.",/product/177573/osprey-talon-22-pack-mens,[],,,177573,130.0,130.0,,,130.0,,,,,,,PRICE,$130.00,,,,thumbnails,,ECLIPSE GREY,,"[{'vendorColorName': 'STEALTH BLACK', 'colorFamily': 'Black', 'swatchURI': None, 'swatchColors': ['#202120'], 'sampleSku': '1775730001', 'imageURIs': ['/media/39d4efbf-13e8-4128-b3ce-79993ab8b5b9', '/media/20b0381b-d5e1-42c9-9a01-5cb87357c4e2', '/media/31beee40-5d99-436a-b699-5416e365fc75', '/media/b5fb2518-fffc-468d-b691-1d8497fb773e', '/media/ae55608a-e3b5-43ca-8798-5668b2a9d0f0']}, {'vendorColorName': 'LIMON GREEN', 'colorFamily': 'Green', 'swatchURI': None, 'swatchColors': ['#8FAF3B', '#181C16'], 'sampleSku': '1775730007', 'imageURIs': ['/media/12a7ed07-f628-49d0-b078-2db3e788ec57', '/media/b9a6fe8d-97b2-4bde-a718-12240b78037a', '/media/dc54b0d6-cb34-49af-a3e1-3b96889d3675', '/media/3840a0ad-d861-4fa5-a66b-2f3f2ba857aa']}, {'vendorColorName': 'ECLIPSE GREY', 'colorFamily': 'Gray', 'swatchURI': None, 'swatchColors': ['#3A3D42'], 'sampleSku': '1775730005', 'imageURIs': ['/media/f32fdee2-03aa-442c-bfde-63c1189cb559', '/media/969d36f4-65b4-473f-a037-813a0d3961ee']}]"
14,[],"[{'sku': '1485890001', 'color': 'Gray', 'vendorColor': 'ASPHALT'}, {'sku': '1485890007', 'color': 'Yellow', 'vendorColor': 'OLIVE OIL'}]",[],Flash 55 Pack - Men's,,,False,False,False,[],148589,15,148589,https://www.rei.com/media/product/1485890001?size=230,REI Co-op,,,,,,,"Loaded for a week or stripped down for an overnighter, the men's REI Co-op Flash 55 pack keeps your load stable and steady. Seamlessly integrated suspension makes your hike cool and comfortable.",4.4024,82,,199,,False,False,False,,Flash 55 Pack - Men's,"Loaded for a week or stripped down for an overnighter, the men's REI Co-op Flash 55 pack keeps your load stable and steady. Seamlessly integrated suspension makes your hike cool and comfortable.",/product/148589/rei-co-op-flash-55-pack-mens,[],,,148589,199.0,199.0,,,199.0,,,,,,,PRICE,$199.00,,,,thumbnails,,ASPHALT,,"[{'vendorColorName': 'OLIVE OIL', 'colorFamily': 'Yellow', 'swatchURI': None, 'swatchColors': ['#B19B38', '#E5E4E0'], 'sampleSku': '1485890007', 'imageURIs': ['/media/87d44178-7ee2-4aa6-96fd-116655491ce0', '/media/0c4da460-df40-470c-8a3f-b51e16991180', '/media/ac9283f6-7e7f-4489-b333-eea195127b08', '/media/c2fddd1c-5052-4d6e-9fbd-3444c7fa50e6', '/media/8af4b8a0-7776-480f-9e82-e2d6be4fce87', '/media/d38b811e-2aef-4428-a6c2-424e665d3297', '/media/5fe1f6e3-459b-47a9-bc9c-7f746ac61921', '/media/4c42e5cd-b805-4819-85b9-7d1ea62e0599', '/media/a2ccf7be-c72a-4845-997e-3c87de6b1e1d', '/media/277b6d59-33a5-4f0b-a8fa-1c62cc2d7123']}, {'vendorColorName': 'ASPHALT', 'colorFamily': 'Gray', 'swatchURI': None, 'swatchColors': ['#666365'], 'sampleSku': '1485890001', 'imageURIs': ['/media/f0203025-e938-4381-bbff-be9198087883', '/media/06b220d3-cb62-4b3a-b9aa-a2a39e8e2a06', '/media/85cf5c43-8422-45b6-a977-928dc838f638', '/media/cf3be12c-4432-4c34-9bf0-7c635f3ce829', '/media/3265a4f5-0f91-4ae8-8493-81c191929d33', '/media/47d5a534-b8dc-4811-bc60-2e163d3532c7', '/media/37602a13-ba58-4973-a7f4-8a29dbd4f0f3', '/media/dc861b33-df48-4cf0-a206-dc75ba865ff4', '/media/18dfe20c-b3ae-4d3c-bd8b-c61e30478aeb', '/media/bd5aed71-0a91-4797-8117-3068f3ef13ec', '/media/6235b953-c029-4388-ab4c-b11e09404736', '/media/4434ee9c-ca6b-4a17-91d1-ff1120ba5fae']}]"
15,[],"[{'sku': '1486710001', 'color': 'Gray', 'vendorColor': 'CASTLEROCK'}, {'sku': '1486710004', 'color': 'Yellow', 'vendorColor': 'OLIVE OIL'}]",[],Flash 55 Pack - Women's,,,False,False,False,[],148671,16,148671,https://www.rei.com/media/product/1486710001?size=230,REI Co-op,,,,,,,The women's REI Co-op Flash 55 pack offers options to keep your load stable and steady no matter how you hike—fast and light or fully loaded. Well-integrated suspension adds carrying comfort.,4.5652,46,,199,,False,False,False,,Flash 55 Pack - Women's,The women's REI Co-op Flash 55 pack offers options to keep your load stable and steady no matter how you hike—fast and light or fully loaded. Well-integrated suspension adds carrying comfort.,/product/148671/rei-co-op-flash-55-pack-womens,[],,,148671,199.0,199.0,,,199.0,,,,,,,PRICE,$199.00,,,,thumbnails,,CASTLEROCK,,"[{'vendorColorName': 'OLIVE OIL', 'colorFamily': 'Yellow', 'swatchURI': None, 'swatchColors': ['#A38134', '#C9AA59', '#EAE8E4'], 'sampleSku': '1486710004', 'imageURIs': ['/media/5c02bd53-2333-43dd-a261-dc7329056d4c', '/media/a294dae0-49a1-490e-8deb-d9ecc90648f8', '/media/f546bd0e-4c8c-4c4d-8fa4-2ff49f019f6f', '/media/3e1cebb2-7d11-412f-b689-df69643e0271', '/media/ff80edff-f9c9-4e92-bcac-d50c18ca9d81', '/media/1e4d6100-af23-4954-b40d-97d7bcb6ff4b', '/media/f8a17bc9-dfbd-4f86-a990-bfd856b5bb07', '/media/e1d86980-c35d-47fa-9bdc-90a96ee6c93d', '/media/741883f0-215a-433f-ae5d-04e8bfca7bd1', '/media/e231effb-71de-4d08-bf17-ffcf72cc34e6', '/media/176349d0-7fcf-4d01-a12f-bb8241808407', '/media/91c53adf-8232-4828-a80d-e941deaa3912']}, {'vendorColorName': 'CASTLEROCK', 'colorFamily': 'Gray', 'swatchURI': None, 'swatchColors': ['#8D8A8A', '#525051'], 'sampleSku': '1486710001', 'imageURIs': ['/media/f224f8c6-73ca-46e3-9e0b-52c5961ce27d', '/media/7fe327f8-a07c-44c3-8f00-c2ea219f22a6', '/media/db5fd516-0055-4c80-b8bd-ace864a11e6d', '/media/b9b0f3ae-9dc6-4a52-b6a5-c1ec006423cd', '/media/12e25b15-41ed-4ff7-b2c8-7822072fec44', '/media/6a3de66b-0d42-4e31-baf1-6c3e810245c1', '/media/d97a3f14-02af-484d-9f43-c0a5840c9571', '/media/26c74678-c082-40d0-b411-d8b19483e1d8', '/media/09a9adcd-8b5e-429c-acc6-55a612a37324', '/media/a3d18277-6af2-40a5-a3a7-5ead9f5876b9']}]"
16,[],"[{'sku': '1447620001', 'color': 'Red', 'vendorColor': 'PLUM RED'}, {'sku': '1447620003', 'color': 'Blue', 'vendorColor': 'SAPPHIRE BLUE'}]",[],Skimmer 28 Hydration Pack - Women's,,,False,False,False,[],144762,17,144762,https://www.rei.com/media/product/1447620003?size=230,Osprey,,,,,,,Stay happy and hydrated on the trail with the women's Osprey Skimmer 28 hydration pack. It comfortably carries a day's worth of water and supplies.,4.7333,15,,130,,False,False,False,,Skimmer 28 Hydration Pack - Women's,Stay happy and hydrated on the trail with the women's Osprey Skimmer 28 hydration pack. It comfortably carries a day's worth of water and supplies.,/product/144762/osprey-skimmer-28-hydration-pack-womens,[],,,144762,130.0,130.0,,,130.0,,,,,,,PRICE,$130.00,,,,thumbnails,,SAPPHIRE BLUE,,"[{'vendorColorName': 'PLUM RED', 'colorFamily': 'Red', 'swatchURI': None, 'swatchColors': ['#491425'], 'sampleSku': '1447620001', 'imageURIs': ['/media/063371a5-d628-4549-8476-65a4a6d83530', '/media/8a52568b-a369-46de-b3b0-d81f2fcfac99', '/media/06b8627e-08e4-402f-8b55-be2d35f77294', '/media/790e49b0-0f69-4f88-8f62-ee5b4d4ed9c8', '/media/d789e00e-74b7-4dda-853b-230222f4888b', '/media/f171c9f3-7a0e-4c2a-b7f8-e012b65049d5']}, {'vendorColorName': 'SAPPHIRE BLUE', 'colorFamily': 'Blue', 'swatchURI': None, 'swatchColors': ['#0C4E63'], 'sampleSku': '1447620003', 'imageURIs': ['/media/e1fc8d4f-5de3-4dba-99b8-17d9d14c1b09', '/media/f2612da4-d620-42e4-9596-27e9b6b11a0e']}]"
17,[],"[{'sku': '1684850001', 'color': 'Black', 'vendorColor': 'BLACK'}, {'sku': '1684850003', 'color': 'Blue', 'vendorColor': 'INDIGO'}, {'sku': '1684850005', 'color': 'Brown', 'vendorColor': 'RUSTIC GOLD'}]",[],Trail 40 Pack - Men's,,,False,False,False,[],168485,18,168485,https://www.rei.com/media/product/1684850006?size=230,REI Co-op,,,,,,,"Built for comfort, the REI Co-op Trail 40 pack holds plenty of gear for day hikes, overnights and travel. It gives you easy access to your stuff and has tons of handy organizer pockets.",4.8182,33,,129,,False,False,False,,Trail 40 Pack - Men's,"Built for comfort, the REI Co-op Trail 40 pack holds plenty of gear for day hikes, overnights and travel. It gives you easy access to your stuff and has tons of handy organizer pockets.",/product/168485/rei-co-op-trail-40-pack-mens,[],,,168485,129.0,129.0,,,129.0,,,,,,,PRICE,$129.00,,,,thumbnails,,INDIGO,,"[{'vendorColorName': 'BLACK', 'colorFamily': 'Black', 'swatchURI': None, 'swatchColors': ['#3C3C3C'], 'sampleSku': '1684850001', 'imageURIs': ['/media/d28aea82-9a64-4119-af4b-66ea10cb95ab', '/media/d1980e9c-abe5-4914-b66b-65bfdeedba2f', '/media/99a723c3-ea20-4ecf-bb0f-0709d6126be4', '/media/1206ef4a-171e-437a-a57b-866ed293b3af', '/media/8460d0fe-34ce-4b9d-bc81-43135615ec6c', '/media/ea188b06-5619-417f-b15a-1ed8decec433', '/media/68beeec6-072c-4db4-bf9c-0e0a32c5fc04']}, {'vendorColorName': 'INDIGO', 'colorFamily': 'Blue', 'swatchURI': None, 'swatchColors': ['#305273'], 'sampleSku': '1684850003', 'imageURIs': ['/media/a39e6a25-87fb-4233-b272-925e69ed02e0', '/media/51d5c0a2-2f0e-4fdd-b755-aa4e1aa964ae', '/media/98a389b2-cfd3-44f0-a04a-ebacbed8bc69', '/media/3c936583-fdb8-4d82-b303-1718844be051', '/media/e4f08c1e-b5f7-46df-a711-4fb5f2f59b5f', '/media/dca51ad5-e7f4-4fce-9c26-d33d54eee478', '/media/90dde363-7de2-4799-98ff-166ff5b1c3c0', '/media/ee9c7354-1a56-40e0-98f6-44b7ab47f8e7', '/media/9109f342-1002-46c7-acb1-8b0d572df59d']}, {'vendorColorName': 'RUSTIC GOLD', 'colorFamily': 'Brown', 'swatchURI': None, 'swatchColors': ['#D88C2A', '#ECE9E5'], 'sampleSku': '1684850005', 'imageURIs': ['/media/f97f0b60-616a-4cd5-92f7-e0304e650a6a', '/media/444007b9-a656-463b-8121-264c07db8a0f', '/media/9f787921-5098-47bd-a5a3-0a60c9bf2c58', '/media/c4b18aab-4635-4a3a-aae9-7bc6906bd24c', '/media/07d6b9ed-6bff-462d-b489-fb8d4a27b394', '/media/f520e794-d89e-4d31-963e-d7ee9db45876', '/media/992293d1-0b23-4e99-8b27-730b6256f066', '/media/1c0e5e6d-ae0c-493d-84a6-e6b825185a63', '/media/d2b77ee1-3157-4259-a825-73ed2d75872d', '/media/7662ad14-2fae-4cee-8eb0-a89a449d1908', '/media/3fc514db-3d42-4110-90e8-aebe74d57d51']}]"
18,[],"[{'sku': '8670580001', 'color': 'Gray', 'vendorColor': 'GRAY'}]",[],Ultra-Sil Compression Dry Sack,,,False,False,False,[],867058,19,867058,https://www.rei.com/media/product/8670580001?size=230,Sea to Summit,,,,,,,"The lightweight, waterproof Sea to Summit Ultra-Sil® Compression Dry Sack compresses your clothing and gear to 1/3 the volume while keeping it dry.",4.5366,82,,52.95,,False,False,False,,Ultra-Sil Compression Dry Sack,"The lightweight, waterproof Sea to Summit Ultra-Sil® Compression Dry Sack compresses your clothing and gear to 1/3 the volume while keeping it dry.",/product/867058/sea-to-summit-ultra-sil-compression-dry-sack,[],,,867058,36.95,52.95,,,52.95,,,,,,,PRICE_RANGE,$36.95 - $52.95,,,,thumbnails,,GRAY,,"[{'vendorColorName': 'GRAY', 'colorFamily': 'Gray', 'swatchURI': None, 'swatchColors': ['#B5B9BC', '#2E3134'], 'sampleSku': '8670580001', 'imageURIs': ['/media/bfb0bda4-1336-452e-898a-12b5ed13a610', '/media/ca8b5da6-0071-4e16-bd8a-7b904f51e817', '/media/6703a804-ca00-4af4-a382-a61fe71a3cb7', '/media/b80290b2-7052-4285-b782-5b7a306deed3', '/media/3cfb53b1-c74d-46b7-a62a-3f6f38d98147', '/media/58eae738-170e-4dcf-a7be-d017e94e6230', '/media/fddb00af-167a-40d9-9483-c00269758892', '/media/9d367589-b5d1-45b5-9420-b329bfab06af', '/media/ce5d3e56-bcdb-4825-a8ed-61f4cff5575c']}]"
19,[],"[{'sku': '1684870001', 'color': 'Black', 'vendorColor': 'BLACK'}, {'sku': '1684870003', 'color': 'Green', 'vendorColor': 'EVERGREEN'}, {'sku': '1684870005', 'color': 'Purple', 'vendorColor': 'ODYSSEY GRAY'}, {'sku': '1684870007', 'color': 'Green', 'vendorColor': 'TAPENADE'}]",[],Trail 40 Pack - Women's,,,False,False,False,[],168487,20,168487,https://www.rei.com/media/product/1684870006?size=230,REI Co-op,,,,,,,"Ideal for day hikes, overnights and travel, the strong and comfortable women's REI Co-op Trail 40 pack offers easy access to your gear, tons of organizer pockets and a comfortable carry.",4.6,25,,129,,False,False,False,,Trail 40 Pack - Women's,"Ideal for day hikes, overnights and travel, the strong and comfortable women's REI Co-op Trail 40 pack offers easy access to your gear, tons of organizer pockets and a comfortable carry.",/product/168487/rei-co-op-trail-40-pack-womens,[],,,168487,129.0,129.0,,,129.0,,,,,,,PRICE,$129.00,,,,thumbnails,,ODYSSEY GRAY,,"[{'vendorColorName': 'BLACK', 'colorFamily': 'Black', 'swatchURI': None, 'swatchColors': ['#2D2D2D', '#585858'], 'sampleSku': '1684870001', 'imageURIs': ['/media/572a9ac9-be83-4b17-91be-30bde0553f1c', '/media/ee9c2c2c-75f9-4645-93a7-79e8fc68adc8', '/media/b64c4bbf-d810-451e-b7c1-874c56e03c14', '/media/b4e37c53-f128-41ca-a250-d409bd031a20', '/media/80d08f66-41dc-4b89-ab66-dc0c078e240e', '/media/88afc4d5-8424-4992-b2d9-f5d49f559c84', '/media/13ada10c-7123-4b89-bcdf-8abdc502cd3a']}, {'vendorColorName': 'EVERGREEN', 'colorFamily': 'Green', 'swatchURI': None, 'swatchColors': ['#0A6D56'], 'sampleSku': '1684870003', 'imageURIs': ['/media/fa236b14-688e-435a-bf1f-7a61c2350d39', '/media/a5562c0c-38f0-4ad7-8bfd-a35340eb970c', '/media/63f29aa4-d17b-4256-9d7e-10ffd5af6df3', '/media/08fcf884-d78a-4a18-976a-da22e0e0a75f', '/media/6fe2e493-e9a5-4ceb-ae14-ae805d1ee414', '/media/268dcefa-f27f-4b4e-90f3-4d974defa65a']}, {'vendorColorName': 'TAPENADE', 'colorFamily': 'Green', 'swatchURI': None, 'swatchColors': ['#A1712B'], 'sampleSku': '1684870007', 'imageURIs': ['/media/bfdb28d7-4709-42d7-bab2-d2b222136298', '/media/60b547e9-3d65-4c47-88cb-7fdc5a8c9864', '/media/5f0f4eb7-040f-4cb1-9097-9b61eaa2954f', '/media/5f52f41b-8809-4eee-a8a9-439c3da075bf', '/media/3818559d-461a-434f-a9a2-219a1afe86a2', '/media/cb6a30eb-da53-4b00-afe0-498b9b4f9b8b']}, {'vendorColorName': 'ODYSSEY GRAY', 'colorFamily': 'Purple', 'swatchURI': None, 'swatchColors': ['#BDBDBD'], 'sampleSku': '1684870005', 'imageURIs': ['/media/81201189-fd3a-44b9-b091-101ca97f2f76', '/media/5a3e42bb-2f39-43e3-be9e-0d3903dae3e3', '/media/61c55e20-0a9d-4536-a3f8-845ec7cc95e1', '/media/da7c880e-66cd-4460-ac22-0decc6aa72ad', '/media/dc8db13e-8411-4eb3-b625-82a1b8799c0a', '/media/577cfdf4-fb47-454d-9ac6-3ea5a80ca7ca', '/media/c611aa6e-bd15-458d-9561-fbd62ba08288', '/media/b706a24a-639e-4356-a2fe-77355dce0e10', '/media/e252c76c-a02a-47e1-bdb0-dfcfeae52b0c']}]"
20,[],"[{'sku': '7308820001', 'color': 'Gray', 'vendorColor': 'GRAY/GOLD'}]",[],eVent Compression Dry Sack,,,False,False,False,[],730882,21,730882,https://www.rei.com/media/product/7308820001?size=230,Sea to Summit,,,,,,,"This valve-free compression dry sack uses a breathable base made of eVent™ waterproof fabric that allows air to be pushed out, but keeps water from entering.",4.7887,284,,52.95,,False,False,False,,eVent Compression Dry Sack,"This valve-free compression dry sack uses a breathable base made of eVent™ waterproof fabric that allows air to be pushed out, but keeps water from entering.",/product/730882/sea-to-summit-event-compression-dry-sack,[],,,730882,32.95,52.95,,,52.95,,,,,,,PRICE_RANGE,$32.95 - $52.95,,,,thumbnails,,GRAY/GOLD,,"[{'vendorColorName': 'GRAY/GOLD', 'colorFamily': 'Gray', 'swatchURI': None, 'swatchColors': ['#D5D4CD'], 'sampleSku': '7308820001', 'imageURIs': ['/media/212a91fb-f68c-4e39-ac9e-a77dd3959b7b', '/media/93898437-22e7-425d-b903-41815d75f7af', '/media/f4b2b667-6e7c-4085-8d8b-a729af9334e1', '/media/d3d03049-743b-43d3-a447-659f6aa50be2', '/media/e8e0f849-bca7-42e6-92af-e03647bdf93e', '/media/ba859e7f-1439-4afd-8210-a858a215cb5b', '/media/57f31ce5-6b9d-48d6-9f28-8da36aae888f', '/media/0affaebe-9263-4ff6-b29e-37116565e8a6', '/media/656d292d-55ce-4ad3-ab30-3e696e1be119', '/media/e3ec5513-7b49-4bae-9065-7bec4af25909', '/media/0cf96838-e32c-438b-9d02-ff542a13fb9d']}]"
21,[],"[{'sku': '1557790001', 'color': 'Black', 'vendorColor': 'BLACK'}, {'sku': '1557790002', 'color': 'Blue', 'vendorColor': 'CLASSIC NAVY'}, {'sku': '1557790005', 'color': 'Brown', 'vendorColor': 'CORIANDER BROWN'}, {'sku': '1557790006', 'color': 'Purple', 'vendorColor': 'SMOKEY VIOLET'}, {'sku': '1557790007', 'color': 'Blue', 'vendorColor': 'CRATER BLUE'}, {'sku': '1557790008', 'color': 'Blue', 'vendorColor': 'CRATER BLUE/MESH NET PRINT'}]",[],Black Hole 25L Travel Pack,,,False,False,False,[],155779,22,155779,https://www.rei.com/media/product/1557790001?size=230,Patagonia,,,,,,,"A weather-resistant daypack with just the right amount of space to haul your daily essentials, the 25-liter Patagonia Black Hole travel pack protects your gear from scuffs, scrapes and rough handling.",4.8125,16,,129,,False,False,False,,Black Hole 25L Travel Pack,"A weather-resistant daypack with just the right amount of space to haul your daily essentials, the 25-liter Patagonia Black Hole travel pack protects your gear from scuffs, scrapes and rough handling.",/product/155779/patagonia-black-hole-25l-travel-pack,[],,,155779,89.93,129.0,,,129.0,,,,,,,PRICE_RANGE,$89.93 - $129.00,,,,thumbnails,,CLASSIC NAVY,,"[{'vendorColorName': 'BLACK', 'colorFamily': 'Black', 'swatchURI': None, 'swatchColors': ['#1D1C1E'], 'sampleSku': '1557790001', 'imageURIs': ['/media/af0c3444-14df-4c4c-9260-714425e11f1b']}, {'vendorColorName': 'CRATER BLUE', 'colorFamily': 'Blue', 'swatchURI': None, 'swatchColors': ['#273946'], 'sampleSku': '1557790007', 'imageURIs': ['/media/c9e9268f-5a33-43a4-80a7-2e7d2f505eea', '/media/8cb2dcea-86dc-4a09-b5c1-979b97742d7a', '/media/52974f67-c27c-4259-b460-f206479c3cf2', '/media/c3065f29-6bac-4bce-ae99-241ec31d59da']}, {'vendorColorName': 'CORIANDER BROWN', 'colorFamily': 'Brown', 'swatchURI': None, 'swatchColors': ['#564431', '#8F7B67'], 'sampleSku': '1557790005', 'imageURIs': ['/media/196d998d-ac08-493b-8136-946f88743b62', '/media/a979bad8-c60c-4864-bed9-84280ab39cb6', '/media/509529a0-ca8c-40e9-938c-fe767d57b7b5']}, {'vendorColorName': 'CRATER BLUE/MESH NET PRINT', 'colorFamily': 'Blue', 'swatchURI': None, 'swatchColors': ['#374A57'], 'sampleSku': '1557790008', 'imageURIs': ['/media/da7a6565-2b2f-4b02-8b22-6741d3c8d4ac']}, {'vendorColorName': 'CLASSIC NAVY', 'colorFamily': 'Blue', 'swatchURI': None, 'swatchColors': ['#302F46', '#8B8A90', '#5B5861'], 'sampleSku': '1557790002', 'imageURIs': ['/media/5dba9177-6b81-4f0f-8b21-1a9d3d78a44c', '/media/573a6fab-c4ef-41cb-8952-091c182e6615', '/media/025052f7-b0c3-4e56-867c-ed254d747857', '/media/8c84eb26-0b9b-4a63-b00f-c18adecc3262']}, {'vendorColorName': 'SMOKEY VIOLET', 'colorFamily': 'Purple', 'swatchURI': None, 'swatchColors': ['#5D5761', '#938D94'], 'sampleSku': '1557790006', 'imageURIs': ['/media/c8d77308-8ab5-4ab3-b9df-3712c9085caf', '/media/39972409-5e0a-4aef-acd5-8b5186e7ff42', '/media/3a39c13a-7e51-4fba-b29c-abaeada335e8']}]"
22,[],"[{'sku': '1447640001', 'color': 'Blue', 'vendorColor': 'BAHIA BLUE'}, {'sku': '1447640002', 'color': 'Gray', 'vendorColor': 'CELESTIAL CHARCOAL'}]",[],Mira 32 Hydration Pack - 2.5 Liters - Women's,,,False,False,False,[],144764,23,144764,https://www.rei.com/media/product/1447640001?size=230,Osprey,,,,,,,"Keep the H2O flowing on steep scrambles and quad-burning switchbacks with the women's Osprey Mira 32 hydration pack. This adjustable, ventilated pack offers dialed-in comfort on the toughest of treks.",4.619,21,,180,,False,False,False,,Mira 32 Hydration Pack - 2.5 Liters - Women's,"Keep the H2O flowing on steep scrambles and quad-burning switchbacks with the women's Osprey Mira 32 hydration pack. This adjustable, ventilated pack offers dialed-in comfort on the toughest of treks.",/product/144764/osprey-mira-32-hydration-pack-25-liters-womens,[],,,144764,180.0,180.0,,,180.0,,,,,,,PRICE,$180.00,,,,thumbnails,,BAHIA BLUE,,"[{'vendorColorName': 'CELESTIAL CHARCOAL', 'colorFamily': 'Gray', 'swatchURI': None, 'swatchColors': ['#322B38'], 'sampleSku': '1447640002', 'imageURIs': ['/media/280ba5dd-0020-40b8-a4a4-b0c823038c8c', '/media/36b70732-e51c-48fd-a1f2-b9c290133e21', '/media/52392a5c-438a-4a12-a5c2-d24214314b50', '/media/78e1bc3f-0ba7-499c-a9ec-879be29ff5c9']}, {'vendorColorName': 'BAHIA BLUE', 'colorFamily': 'Blue', 'swatchURI': None, 'swatchColors': ['#394E55'], 'sampleSku': '1447640001', 'imageURIs': ['/media/d063fa61-3808-45de-a851-33269dcd4402', '/media/551e1c1e-b71c-4142-a30a-f76bee5bce47']}]"
23,[],"[{'sku': '1013650001', 'color': 'Blue', 'vendorColor': 'BLUE'}]",[],Hydraulics Reservoir - 2 Liters,,,False,False,False,[],101365,24,101365,https://www.rei.com/media/product/1013650001?size=230,Osprey,,,,,,,The 2-liter Osprey Hydraulics reservoir is ideal for large-volume packs and long-duration activities.,4.3203,153,,40,,False,False,False,,Hydraulics Reservoir - 2 Liters,The 2-liter Osprey Hydraulics reservoir is ideal for large-volume packs and long-duration activities.,/product/101365/osprey-hydraulics-reservoir-2-liters,[],,,101365,40.0,40.0,,,40.0,,,,,,,PRICE,$40.00,,,,thumbnails,,BLUE,,"[{'vendorColorName': 'BLUE', 'colorFamily': 'Blue', 'swatchURI': None, 'swatchColors': ['#D2D4D8'], 'sampleSku': '1013650001', 'imageURIs': ['/media/e00a7f9d-ee25-49d6-8b23-5e61961049c3', '/media/f6e4bb6e-c4a3-4c1b-911b-85f1323c15b7', '/media/0ebb49e5-7942-4da1-bfd0-ae41d1838aae']}]"
24,[],"[{'sku': '1446670001', 'color': 'Black', 'vendorColor': 'BLACK'}, {'sku': '1446670002', 'color': 'Blue', 'vendorColor': 'DEEP BLUE'}, {'sku': '1446670003', 'color': 'Red', 'vendorColor': 'MYSTIC RED'}]",[],Skarab 30 Hydration Pack - Men's - 2.5 Liters,,,False,False,False,[],144667,25,144667,https://www.rei.com/media/product/1446670001?size=230,Osprey,,,,,,,"When you're in it for the summit, having a versatile and comfortable hiking pack is key. The men's Osprey Skarab 30 hydration pack has the storage and practical touches for all-day hikes.",4.6,20,,130,,False,False,False,,Skarab 30 Hydration Pack - Men's - 2.5 Liters,"When you're in it for the summit, having a versatile and comfortable hiking pack is key. The men's Osprey Skarab 30 hydration pack has the storage and practical touches for all-day hikes.",/product/144667/osprey-skarab-30-hydration-pack-mens-25-liters,[],,,144667,130.0,130.0,,,130.0,,,,,,,PRICE,$130.00,,,,thumbnails,,DEEP BLUE,,"[{'vendorColorName': 'DEEP BLUE', 'colorFamily': 'Blue', 'swatchURI': None, 'swatchColors': ['#48555E'], 'sampleSku': '1446670002', 'imageURIs': ['/media/4d5d2b27-1877-493a-aa52-d1976569099e', '/media/a7106eb4-3835-43ef-90ad-ddd1e8ade692', '/media/50fb7be4-ca7c-44ab-98d4-7a65ba76025e', '/media/e8540d84-5360-4be8-86a8-dbd2a605badd', '/media/1a90be8a-da30-4da9-ba17-c91149350a6b', '/media/c1b851ac-151d-4d6b-a9ad-9b5f0adbd068', '/media/2ccc0169-66c4-420a-9ecd-4af3acbd9602', '/media/529b3476-9df0-4d85-91f7-8b6b3dc2f3f8', '/media/7898ebc5-358f-44fc-83d0-5369a244286e', '/media/e10d12bf-62ed-42bf-a7d7-e8b29c410853', '/media/90754527-6911-4011-a3a0-95e0f3f62796', '/media/abe8a019-4a41-4ae2-a006-5ea2e0b3fcfa', '/media/9510cbab-5ed3-4140-9085-6a1a4b17d576']}, {'vendorColorName': 'BLACK', 'colorFamily': 'Black', 'swatchURI': None, 'swatchColors': ['#141A1A'], 'sampleSku': '1446670001', 'imageURIs': ['/media/b882daaa-a1f4-46ea-b508-ccd2d16414a9', '/media/cd4fdbc9-4b57-41b4-b27a-cde38fe7783f']}, {'vendorColorName': 'MYSTIC RED', 'colorFamily': 'Red', 'swatchURI': None, 'swatchColors': ['#630E16'], 'sampleSku': '1446670003', 'imageURIs': ['/media/8f2effe1-3897-4a86-a705-c7b31ba9465e', '/media/dea1aa99-cd46-4c29-8a71-467f7a421e1d', '/media/52d0fd95-69d7-4a4a-adda-3a7fa05528ab', '/media/83802adc-b73d-4b2d-bdb7-f1299dab7023']}]"
25,[],"[{'sku': '1708020001', 'color': 'Gray', 'vendorColor': 'BRINDLE/GRAPHITE'}, {'sku': '1708020002', 'color': 'Gray', 'vendorColor': 'CHARCOAL/GRAPHITE'}]",[],Rim Runner 22 Hydration Pack - Men's - 2.5 Liters,,,False,False,False,[],170802,26,170802,https://www.rei.com/media/product/1708020002?size=230,CamelBak,,,,,,,"A favorite for day hikers, the CamelBak Rim Runner 22 hydration pack serves up a clean, technical look, and offers 22 liters of cargo capacity, including a 2.5-liter Crux Reservoir for easy hydration.",4.8182,11,,100,,False,False,False,,Rim Runner 22 Hydration Pack - Men's - 2.5 Liters,"A favorite for day hikers, the CamelBak Rim Runner 22 hydration pack serves up a clean, technical look, and offers 22 liters of cargo capacity, including a 2.5-liter Crux Reservoir for easy hydration.",/product/170802/camelbak-rim-runner-22-hydration-pack-mens-25-liters,[],,,170802,100.0,100.0,,,100.0,,,,,,,PRICE,$100.00,,,,thumbnails,,BRINDLE/GRAPHITE,,"[{'vendorColorName': 'CHARCOAL/GRAPHITE', 'colorFamily': 'Gray', 'swatchURI': None, 'swatchColors': ['#424041'], 'sampleSku': '1708020002', 'imageURIs': ['/media/298dbf78-fa89-4909-aaf6-ff948399ced4', '/media/85e0a200-308b-40f9-a27c-75c40a04a71f', '/media/246892f8-37c3-41cc-8162-5dd0d0566079', '/media/31ed24d3-da11-49df-903c-c73b5c640efc', '/media/25c182e7-a787-43d4-b9ce-d511f616c554', '/media/47006170-e02e-4408-b8ab-9175dbf2e7ba']}, {'vendorColorName': 'BRINDLE/GRAPHITE', 'colorFamily': 'Gray', 'swatchURI': None, 'swatchColors': ['#8E8074'], 'sampleSku': '1708020001', 'imageURIs': ['/media/ab6f0aa5-c772-4089-861e-c3a10f903d9b', '/media/9800dba6-0e6e-4ae6-9790-a26e05deb437', '/media/86dc6a5c-fe70-4ddc-a20b-5dde17c2c4b5', '/media/ea160bed-e7a9-4d44-988f-7262650568cd']}]"
26,[],"[{'sku': '1682510001', 'color': 'Blue', 'vendorColor': 'INDIGO'}, {'sku': '1682510002', 'color': 'Brown', 'vendorColor': 'TUMBLEWEED'}]",[],Trailbreak 60 Pack - Men's,,,False,False,False,[],168251,27,168251,https://www.rei.com/media/product/1682510001?size=230,REI Co-op,,,,,,,"Roomy enough for a weekend and comfortable enough for long hikes, the men's REI Co-op Trailbreak 60 pack is built to last for years, and then you can hand it down—it adjusts to fit most bodies.",4.7143,14,,149,,False,False,False,,Trailbreak 60 Pack - Men's,"Roomy enough for a weekend and comfortable enough for long hikes, the men's REI Co-op Trailbreak 60 pack is built to last for years, and then you can hand it down—it adjusts to fit most bodies.",/product/168251/rei-co-op-trailbreak-60-pack-mens,[],,,168251,149.0,149.0,,,149.0,,,,,,,PRICE,$149.00,,,,thumbnails,,TUMBLEWEED,,"[{'vendorColorName': 'TUMBLEWEED', 'colorFamily': 'Brown', 'swatchURI': None, 'swatchColors': ['#937A46', '#4A4636', '#312D20'], 'sampleSku': '1682510002', 'imageURIs': ['/media/b47c04fa-c40d-43c5-a21f-46932264f660', '/media/0d2861db-b84a-4a63-adf8-246943f4cf19', '/media/62b19f9b-a901-43b9-ab28-a85e12d19903', '/media/fe3e5478-321a-40eb-92eb-46e9c97a0890']}, {'vendorColorName': 'INDIGO', 'colorFamily': 'Blue', 'swatchURI': None, 'swatchColors': ['#3A4868'], 'sampleSku': '1682510001', 'imageURIs': ['/media/c74fc48b-628d-45ea-8249-f073a6f4d12e', '/media/262d4f63-2526-47a1-8a26-c29bf4a1495e', '/media/a0529122-c4cd-426f-b07b-f5f0217148c5', '/media/cc6cd85b-f809-49cb-ac60-3089ffb55e57']}]"
27,[],"[{'sku': '1775740001', 'color': 'Gray', 'vendorColor': 'ALUMINUM GREY'}, {'sku': '1775740003', 'color': 'Orange', 'vendorColor': 'BELL ORANGE'}, {'sku': '1775740006', 'color': 'Black', 'vendorColor': 'STEALTH BLACK'}, {'sku': '1775740007', 'color': 'Green', 'vendorColor': 'JASPER GREEN'}]",[],Tempest 20 Pack - Women's,,,False,False,False,[],177574,28,177574,https://www.rei.com/media/product/1775740001?size=230,Osprey,,,,,,,"Meet your new favorite day-hiking, biking or peak-bagging carry solution. The women's Osprey Tempest 20 pack helps you bring hydration, food and extra layers along wherever your imagination takes you.",5.0,11,,130,,False,False,False,,Tempest 20 Pack - Women's,"Meet your new favorite day-hiking, biking or peak-bagging carry solution. The women's Osprey Tempest 20 pack helps you bring hydration, food and extra layers along wherever your imagination takes you.",/product/177574/osprey-tempest-20-pack-womens,[],,,177574,130.0,130.0,,,130.0,,,,,,,PRICE,$130.00,,,,thumbnails,,ALUMINUM GREY,,"[{'vendorColorName': 'ALUMINUM GREY', 'colorFamily': 'Gray', 'swatchURI': None, 'swatchColors': ['#A0A1A8', '#1A1B1C'], 'sampleSku': '1775740001', 'imageURIs': ['/media/fe724cdc-8667-498f-838e-cc66946b7692', '/media/ef58a307-c7c6-4224-9da4-e690f5de6d9e']}, {'vendorColorName': 'BELL ORANGE', 'colorFamily': 'Orange', 'swatchURI': None, 'swatchColors': ['#C36A27', '#201C19'], 'sampleSku': '1775740003', 'imageURIs': ['/media/bf5105ce-0dca-482c-a487-7c871281b630', '/media/70008569-28b8-4789-bce9-f3c8a599a501', '/media/00397cf3-8f8c-45cf-a870-31be35933506', '/media/b9a7fbf9-df3b-434a-9796-57e29faecb1e']}, {'vendorColorName': 'STEALTH BLACK', 'colorFamily': 'Black', 'swatchURI': None, 'swatchColors': ['#191C1C'], 'sampleSku': '1775740006', 'imageURIs': ['/media/0c624fe5-e040-4151-971c-918334be71c7', '/media/987c45c0-f538-48da-89f9-83826a29a5cb', '/media/8af43f60-6479-4349-8c18-f2fc85ea3bd0', '/media/690d8916-11af-4556-916e-d1fda7429e3b', '/media/c57ed41d-d1b6-4aaf-9481-f2777a9e2793']}, {'vendorColorName': 'JASPER GREEN', 'colorFamily': 'Green', 'swatchURI': None, 'swatchColors': ['#074947'], 'sampleSku': '1775740007', 'imageURIs': ['/media/1d8b7d1a-1fd5-499b-94b0-7f5413946aa8', '/media/8e77631b-fa57-4fc6-a276-6d148919a45c', '/media/eda8f80d-8ef9-416c-9e37-c7d332d854be', '/media/dd219983-75dc-4782-b288-9fbe41497f67', '/media/4d0385a2-bce5-4f24-b2e3-aac0d7852448', '/media/83e09122-df7c-4c11-8726-25d22dbe9a9a']}]"
28,[],"[{'sku': '1774920001', 'color': 'Black', 'vendorColor': 'BLACK'}, {'sku': '1774920003', 'color': 'Blue', 'vendorColor': 'DEEP WATER BLUE'}, {'sku': '1774920005', 'color': 'Green', 'vendorColor': 'GARLIC MUSTARD GREEN'}]",[],Aether 55 Pack - Men's,,,False,False,False,[],177492,29,177492,https://www.rei.com/media/product/1774920002?size=230,Osprey,,,,,,,"When you're hauling weight for days in the wild, the durable, lightweight design and fine-tuned, customizable fit of the men's Osprey Aether 55 pack helps you to carry the load in comfort.",4.8,5,,260,,False,False,False,,Aether 55 Pack - Men's,"When you're hauling weight for days in the wild, the durable, lightweight design and fine-tuned, customizable fit of the men's Osprey Aether 55 pack helps you to carry the load in comfort.",/product/177492/osprey-aether-55-pack-mens,[],,,177492,260.0,260.0,,,260.0,,,,,,,PRICE,$260.00,,,,thumbnails,,DEEP WATER BLUE,,"[{'vendorColorName': 'BLACK', 'colorFamily': 'Black', 'swatchURI': None, 'swatchColors': ['#1A1C1C'], 'sampleSku': '1774920001', 'imageURIs': ['/media/273545dd-d6af-4d77-9219-e7e9a1a82062', '/media/4fef45e8-b7a5-49d7-a706-828666f62d1a']}, {'vendorColorName': 'DEEP WATER BLUE', 'colorFamily': 'Blue', 'swatchURI': None, 'swatchColors': ['#0C4064'], 'sampleSku': '1774920003', 'imageURIs': ['/media/72a04939-e68d-45ce-8c2d-e81ea21a2699', '/media/41e36077-8bb2-452c-82c8-1ea26e45fe6d']}, {'vendorColorName': 'GARLIC MUSTARD GREEN', 'colorFamily': 'Green', 'swatchURI': None, 'swatchColors': ['#4C5630'], 'sampleSku': '1774920005', 'imageURIs': ['/media/7fbb3bab-7bc6-4517-947e-2d1a266e2280', '/media/5421c83a-8dc0-4f9b-b5ae-621c4371be7f', '/media/5ed53e8d-ed7a-4e2f-acd1-5e87294c3e95', '/media/a8fba6a3-1f96-423a-b41c-7f348223bf17', '/media/da0b5c9b-8dd7-4da9-9337-f8f67dd2700a', '/media/75266d13-ec63-44a9-9e76-911082819135', '/media/ea5fc7c5-5d4d-4223-bcb1-e99420ff976d', '/media/4d27a468-4115-4704-8803-7d001a9dc25b', '/media/1f61bf29-0f8e-4971-83ca-742cb26869c4', '/media/6599301c-5173-4339-92a5-aed9a146dd49', '/media/ac408804-0a04-4e06-b401-e2890a4889c5', '/media/a4ec6942-9199-4f93-aef7-e2dc6b948d76', '/media/a0c50f5c-0565-46ed-aff7-896dd7fab30d', '/media/ca95bf57-9c49-4cad-9369-5f5138148be7', '/media/1af98528-3413-47c2-9350-e4d33437d592', '/media/6b5c0d2d-4c71-40c2-a2e0-0f9aaa423369', '/media/777759a0-3e3f-4c0e-8f91-8d9f09145bfe', '/media/1d790b69-5cae-4d15-b78e-f2ded9f0c552', '/media/404e1533-5b4d-4b19-a547-27755ecf8fab', '/media/0f168bca-bbdf-4d7c-97b7-925746e61b98']}]"
29,[],"[{'sku': '1414920001', 'color': 'Purple', 'vendorColor': 'MULBERRY PURPLE'}, {'sku': '1414920003', 'color': 'Green', 'vendorColor': 'ICELAKE GREEN'}, {'sku': '1414920005', 'color': 'Gray', 'vendorColor': 'SIREN GREY'}]",[],Kyte 46 Pack - Women's,,,False,False,False,[],141492,30,141492,https://www.rei.com/media/product/1414920002?size=230,Osprey,,,,,,,"Rich with practical features, the women's Osprey Kyte 46 pack is a durable workhorse that's ready to carry your gear off the beaten path into rugged, unpredictable backcountry terrain.",4.8125,16,,180,,False,False,False,,Kyte 46 Pack - Women's,"Rich with practical features, the women's Osprey Kyte 46 pack is a durable workhorse that's ready to carry your gear off the beaten path into rugged, unpredictable backcountry terrain.",/product/141492/osprey-kyte-46-pack-womens,[],,,141492,180.0,180.0,,,180.0,,,,,,,PRICE,$180.00,,,,thumbnails,,ICELAKE GREEN,,"[{'vendorColorName': 'ICELAKE GREEN', 'colorFamily': 'Green', 'swatchURI': None, 'swatchColors': ['#0E333F'], 'sampleSku': '1414920003', 'imageURIs': ['/media/a262809e-7b3a-4296-b719-dcf1b094791a', '/media/8518d45b-f668-498f-968f-b21c0943ceec', '/media/a5abf3c7-a26a-45a2-b0d2-26f1f148d42b', '/media/15407cee-4854-41c3-9af1-81a8630a8e3f']}, {'vendorColorName': 'SIREN GREY', 'colorFamily': 'Gray', 'swatchURI': None, 'swatchColors': ['#31343C'], 'sampleSku': '1414920005', 'imageURIs': ['/media/00b7dd1b-2777-40d9-b036-0814cc60eff8', '/media/1e80fb23-b097-47e1-83d1-fc8bc0fb94ac']}, {'vendorColorName': 'MULBERRY PURPLE', 'colorFamily': 'Purple', 'swatchURI': None, 'swatchColors': ['#22212D'], 'sampleSku': '1414920001', 'imageURIs': ['/media/fd7f3d1f-91af-4f74-8947-ed624b63caed', '/media/4d3dbd5a-d5e4-4d54-89e4-0b8c83d2a3db']}]"
