title,price
DJI Air 2S Fly More Combo,£1169.00
DJI Mini 2 Combo Drone,£548.53
DJI Air 2S Drone,£899.00
DJI Mavic Mini 2 Drone,£419.00
DJI Mavic Air 2 Fly More Combo Drone,£947.00
DJI FPV Combo,£1249.00
DJI Mavic 2 Pro Drone with Controller,£1310.00
DJI Mavic Air 2 Drone,£769.00
DJI Mavic 2 Pro Drone with Smart Controller,£1779.00
DJI Mavic 2 Zoom Drone,£1075.00
DJI Mavic 2 Zoom Drone with Smart Controller,£1559.00
DJI Spark Drone in White - Refurbished,£369.00
DJI Mavic Pro Platinum Fly More Combo - Refurbished,£958.97
EHANG Ghostdrone 2.0 VR Drone Android,£399.97
