wine,price
 Chateau Musar Vintage Wine Corkscrew,£1.00
 Chateau de Miniere Organic Grape Juice,£6.25
 Babylonstoren Sparkling Grape Juice (0% ABV),£7.50
 4 Haz Dry Tokaji,£9.99
 Rouxvale Chenin Blanc,£9.99
 £10 Gift Voucher(s),£10.00
 Rouxvale Sauvignon Blanc,£10.25
 4 Haz Sparkling Furmint,£10.50
 Rouxvale Merlot,£10.50
 Rouxvale Chardonnay,£10.50
 Babylonstoren ‘Candide’ Blend,£10.75
 Liberté Rouge,£10.99
 Liberté Blanc,£10.99
 Liberté Provence Rose,£10.99
 Fontaine du Clos Chardonnay,£11.50
 Babylonstoren Chenin Blanc,£11.50
 Remhoogte First Light Chenin,£11.99
 Rouxvale Late Harvest Chenin Blanc,£11.99
 Certitude Rose,£12.00
 Rouxvale Shiraz Viognier,£12.00
 Chateau de Miniere Loire Rose,£12.25
 4 Haz Organic Furmint,£12.25
 Molmenti & Celot Cabernet Franc,£12.50
 Molmenti & Celot Friulano,£11.75
 Pratsch Rose,£12.50
 Kolonics Olaszrizling,£12.75
 Rouxvale Sparkling Chardonnay,£12.95
 Dagon Clestar,£12.99
 Dagon Har Rose,£12.99
 Molmenti & Celot Refosco,£12.99
 Joubert Tradauw R62 Alternative,£12.99
 Heumann Kekfrankos Rose,£13.00
 Rouxvale Sparkling Rose,£13.00
 Molmenti & Celot Rose Prosecco,£13.00
 Pratsch Gruner Veltliner,£13.00
 Pueblo Eden Pinot Noir Rose,£13.00
 Pueblo Eden Chardonnay,£13.00
 Pueblo Eden Tannat,£13.00
 Fontaine du Clos Cotes du Rhone,£13.50
 Chateau de Miniere Cabernet Franc,£13.50
 Chateau de Suronde Chenin Blanc ‘Esquisse’,£13.50
 Chateau de Miniere Chenin Blanc,£13.50
 Caythorpe Riesling,£13.50
 Pratsch Zweigelt,£13.50
 Musar Jeune Red,£13.50
 Musar Jeune White,£13.50
 Musar Jeune Rose,£13.50
 Furnace Projects Robin Rose,£13.75
 Heumann Riesling,£13.75
 Molmenti & Celot Extra Dry Prosecco,£13.75
 Babylonstoren ‘Babel’ Red Blend,£13.75
 Furnace Projects Blackbird,£13.75
 Caythorpe NZ Sauvignon Blanc,£14.00
 Le Strette Dolcetto,£14.00
 Domaine Laouge Pacherenc 19.91,£14.00
 Heumann Kekfrankos,£14.00
 Babylonstoren Rose,£14.90
 Aura Chardonnay Blend,£14.99
 Domaine Laougue Camy Madiran,£14.99
 Remhoogte ‘Free to Be’ Riesling,£14.99
 Remhoogte ‘Free to Be’ Red,£14.99
 Lala La Organic Malbec,£15.00
 Kalogris Mister Helios,£15.00
 Vintage Kikelet Late Harvest Tokaji (50cl) 2012,£15.00
 Cume do Avia T-Reix,£15.00
 Petric Pinela,£15.00
 Cume do Avia Arraiano Tinto,£15.25
 Dagon Clar,£15.50
 Kolonics Furmint,£15.50
 Pueblo Eden Sparkling White,£15.50
 Bourcier Martinot Bourgogne Blanc,£15.50
 Pueblo Eden Sparkling Rose,£15.50
 Babylonstoren Shiraz,£15.75
 Bulles de Miniere Sparkling Rose,£15.95
 Bulles de Miniere Sparkling Blanc de Noir,£17.50
 Kikelet Harslevelu Tokaji,£16.00
 Caythorpe Pinot Noir,£16.00
 Oliver’s Taranga Fiano,£16.00
 Bourcier Martinot Macon Villages,£16.00
 Cume do Avia Rosete,£16.00
 Carolina Branco,£16.00
 Carolina Tinto,£16.00
 Lenzini Merlot ‘Casa e Chiesa’,£16.00
 Musso Dolcetto,£16.25
 Remhoogte ‘Vantage’ Pinotage,£16.50
 Remhoogte ‘Chronicle’ Cape Blend,£14.99
 Bourcier Martinot Macon Rouge,£16.50
 Petric White Natura,£16.50
 Musso Freisa,£16.95
 Joubert Tradauw Chardonnay,£16.99
 Roger Barnier Champagne Half bottle,£17.00
 Channing Daughters Sunset Beach Rosé,£17.00
 Kolonics Juhfark,£17.00
 Kikelet Dry Furmint,£17.00
 Petric Red Natura,£17.00
 Fontaine du Clos Vacqueyras,£17.50
 Bulles de Miniere Sparkling Red,£17.50
 Channing Daughters Rosato Cab Franc,£17.50
 Furnace Projects Chiff Chaff,£17.50
 Kolonics Harslevelu,£17.50
 Dagon Jar,£17.50
 Dagon Jar Senior Bordeaux Blend,£17.50
 Le Strette Nascetta,£17.50
 Kalogris Dialogues Rosé,£17.50
 Bourcier Martinot Vire-Clesse,£17.50
 Panoramico White Rioja,£17.50
 Panoramico Rioja,£17.50
" Vitteaut Alberti, Cremant de Bourgogne Brut",£18.00
 Musso Barbera,£18.00
 Le Strette Barbera,£18.00
 Niepoort Primata Natcool (1L),£18.00
 Château de Suronde Coteaux du Layon,£18.50
 Channing Daughters Pinot Grigio,£18.50
 Channing Daughters Scuttlehole Chardonnay,£18.50
 Bourcier Martinot St Veran,£18.50
 Calicantus Sollazzo Frizzante Rosato,£18.50
 Calicantus Soracuna,£18.50
 Albury Estate Organic Silent Pool Rose,£18.75
 Oliver’s Taranga Small Batch Grenache,£18.99
 Oliver’s Taranga Small Batch Tempranillo,£18.99
 Lieu Dit Sauvignon Blanc,£19.00
 Kikelet Harslevelu – Lonyai Vineyard,£19.00
 Kikelet Harslevelu – Kassai Vineyard,£19.00
 Cume do Avia Colleita 7 Branco,£19.00
 Lenzini Alicante Bouschet ‘Busce’,£19.00
 La Creation de Suronde,£19.00
" Vitteaut Alberti, Cremant de Bourgogne Rose Brut",£19.50
 Lieu Dit Pinot Noir Rose,£19.50
 Oliver’s Taranga Shiraz,£19.50
 Musso Pinot Nero,£19.50
 Blackbook Pinot Noir Rose,£19.50
 Stilianou Theon Dora White,£19.50
 Stilianou Theon Dora Rose,£19.50
 Domaine Laougue Marty Madiran,£19.50
 Channing Daughters Gewurtztraminer Pet Nat,£19.99
 Channing Daughters Rosato Merlot Pet Nat,£19.99
 Channing Daughters Bianco Pet Nat,£19.99
 Kikelet Late Harvest Tokaji (50cl),£19.99
 Cantina Sorres Vermentino,£19.99
 Remhoogte ‘Free to Be’ Skin-Contact Chenin,£19.99
 Cantina Sorres Cannonau,£19.99
 Château de Minière Old Vine Cab Franc,£20.00
 Lieu Dit Chenin Blanc,£20.00
 Vintage Heumann Syrah 2013,£20.00
 Hawkshead Pinot Gris,£20.00
 Dagon Clearstone,£20.00
 Joubert Tradauw Syrah,£20.00
 Joubert Tradauw R62 Bordeaux Blend,£20.00
 Le Strette Nebbiolo ‘Baby Barolo’,£20.00
 Pruneto Chianti Classico,£20.00
 Calicantus Chiar’otto Rosé,£20.00
 Le Grappin Cotes du Rhone,£20.00
 Jeremy Recchione Aligote Pet Nat,£20.99
 Channing Daughters Muscat de Boom (50cl),£21.00
 Musso Nebbiolo ‘Baby Barolo’,£21.00
 Blackbook Pinot Noir,£21.00
 Blackbook Chardonnay,£21.00
 Babylonstoren Oaked Chardonnay,£21.00
 Cume do Avia Dos Canotos Tinto,£21.00
 Le Grappin Beaujolais Villages,£21.00
 Cume do Avia Dos Canotos Branco,£21.00
 Lenzini Toscana Rosso,£21.00
 Vina Eden Tannat Cemento,£21.50
 Heumann Kekfrankos Reserve,£22.00
 Remhoogte Honeybunch Chenin,£22.00
 Liberté Provence Rose Magnum,£22.00
 Le Grappin Macon Villages,£22.00
 Fontaine du Clos Vacqueyras Castillion,£22.50
" Organic Cremant de Bourgogne Brut, Vitteaut Alberti",£22.50
 Stilianou Theon Gi Red,£22.50
 Jeremy Recchione Syrah Grenache,£22.99
 CORAVIN Gas Capsules – 3 Pack,£23.00
 Vintage Oliver’s Taranga Shiraz 2004,£23.00
 La Pitchoune Chenin Blanc ‘La Bombe’,£23.75
 Lieu Dit Gamay,£24.00
 Wiston Estate Rose,£26.50
 Hawkshead Central Otago Pinot Noir,£24.00
 Le Strette Nascetta ‘Pasinot’ Single Vineyard,£24.00
 LAVA Tinto,£24.00
 Château de Suronde Grand Vin Chenin Blanc,£24.50
 Furnace Projects The Wren Sparkling,£24.50
 Furnace Projects The Sparrow Sparkling Rose,£24.50
 Calicantus Bardolino La Superiora,£24.50
 Remhoogte Reserve Sir Thomas Cullinan,£24.99
 Channing Daughters Ramato Pinot Grigio,£25.00
 £25 Gift Voucher(s),£25.00
 Oliver’s Taranga Small Batch Sagrantino,£25.00
 Bien De Altura Ikewen,£25.00
 El3mento Douro,£25.00
 Channing Daughters Blaufrankish,£25.50
 Vintage Chateau Musar 1996 Half bottle,£26.00
 Le Grappin Fleurie Poncie,£26.00
 Quinta da Carolina Tinto Reserva,£26.00
 Lenzini La Syrah,£26.00
 Wiston Estate Brut,£26.25
 Vintage Oliver’s Taranga Shiraz 2010,£26.50
 Langham Corallian Vineyard,£27.00
 Jeremy Recchione Hautes Cotes de Nuits,£27.00
 Lieu Dit Cabernet Franc Sans Soufre,£27.00
 Langham Culver Vineyard,£27.00
 Babylonstoren Nebukadnesar,£27.00
 Double Canyon Cabernet Sauvignon,£27.50
 Nyetimber Classic Cuvee,£27.50
 Chateau Musar Blanc,£27.50
 Vina Eden Brut Nature,£27.50
 Vina Eden ‘3D’ Undisgorged Sur Lees,£27.50
 Vina Eden Brut Nature Rose,£27.50
 Vintage Le Grappin Brouilly 2016,£27.50
 Channing Daughters Ribolla Gialla,£27.75
 Vina Eden Tannat Reserva,£27.75
 Jeremy Recchione Bourgogne Chardonnay,£28.00
 Langham Rose,£28.00
 Heumann Riesling Magnum,£28.00
 Double Canyon Cabernet Syrah,£28.00
 Le Grappin Cotes du Rhone Bagnum,£28.00
 Château de Miniere 100 year-old-vine ‘Centenaires’,£28.50
 Ambriel Classic Cuvee,£28.50
 Ambriel Rose,£28.50
 Tickerage Classic Cuvee Brut,£28.50
 Chateau Musar,£29.00
 Panoramico Tierroya Old-Vine White Rioja,£29.00
 Panoramico Caracuesta Old-Vine Rioja,£29.00
 Le Grappin Macon Villages Bagnum,£29.00
 Le Grappin Beaujolais Villages Bagnum,£29.00
 Vulcao Ameixambar,£29.00
 Pointelle Oregon Pinot Noir,£29.50
 Vassaltis Santorini Assyrtiko,£29.95
 Remhoogte Reserve Syrah,£29.99
 Remhoogte Reserve Cabernet Sauvignon,£29.99
 Jeremy Recchione Cotes de Nuits Village,£30.00
 Albury Estate Longwells Sparkling Seyval Blanc,£30.00
 Heumann Trinitas Cabernet Franc,£30.00
 Musso Barbaresco,£30.00
 Remhoogte ‘Chronicle’ Cape Blend Magnum,£30.00
 Vintage Chateau Musar 2000,£30.00
 Stilianou Sun-dried Sweet Kotsifali (50cl),£30.00
 Big Table Farm Wild Bee Chardonnay,£30.00
 Pratsch Skin-Contact Gruner Veltliner,£30.00
 Pratsch Skin-Contact Gewurztraminer,£30.00
 Szepsy Estate Furmint,£30.00
 Vintage Chateau Musar Rose 2008,£30.00
 Quinta da Carolina Xisto Amarelo,£30.00
 Albury Estate Classic Cuvee,£31.99
 Tickerage Classic Cuvee Extra Brut,£31.50
 Billecart Salmon Rose Champagne Half bottle,£32.00
 Roger Barnier Champagne,£32.00
 Baxter Fox Hill Montepulciano,£32.00
 Baxter Caballo Blanco Carignan,£32.00
 Spell Nicholes Blend Pinot Noir,£29.99
 Kikelet Tokaji (3 puttonyos) 50cl,£32.00
 Hawkshead Bannockburn Pinot Noir,£32.00
 Hawkshead First Vines Gibbston Pinot Noir,£32.00
 Savaterre Frere Cadet Chardonnay,£32.00
 Savaterre Frere Cadet Pinot Noir,£32.00
 Ambriel Demi-Sec Sparkling English,£32.50
 Nyetimber Demi-Sec ‘Cuveé Cherie’,£32.50
 Oliver’s Taranga ‘The Banished’ 20 Year Fortified Grenache (50cl),£32.50
 Dagon Got Merlot?,£32.50
 Musso Barbaresco ‘Rio Sordo’,£32.50
 Vintage Chateau Musar Blanc 2000,£32.50
 Vina Eden Cerro Negro Gran Reserva,£32.50
 Baxter Black Label Pinot Noir,£32.99
 Brimoncourt Regence Champagne,£32.99
 La Pitchoune Chardonnay,£33.00
 Oliver’s Taranga DJ Cabernet Sauvignon,£33.00
 Olivers Taranga HJ Shiraz,£33.00
 Big Table Farm House Oregon Pinot Noir,£33.00
 Bien De Altura Tidao,£33.00
 Nyetimber Rose,£33.75
 Jeremy Recchione St Romain,£34.00
 Spell ‘Alder Springs’ Pinot Noir,£33.99
 Domaine Laougue Arbison Madiran,£34.00
 Tickerage Extra Brut Rose,£34.00
 Joy Fantastic Chardonnay,£34.00
 Joy Fantastic Sta Rita Hills Pinot Noir,£34.00
 Vintage Felton Road Bannockburn Chardonnay 2015,£34.00
 Chateau de Suronde Quarts de Chaume (50cl),£35.00
 Brimoncourt Rosé Champagne,£35.00
 Roger Barnier Rose Champagne,£35.00
 Channing Daughters Sunset Beach Rose Magnum,£35.00
 Spell Chardonnay,£35.00
 Vintage Oliver’s Taranga HJ Shiraz 2009,£35.00
 Musso ‘Pora’ Barbaresco,£35.00
 Vintage Chateau Musar 2012,£35.00
 Joy Fantastic Syrah,£35.00
 Vintage Remhoogte Cape Blend 2007,£35.00
 El3mento Gran Canaria,£35.00
 Vulcao ‘Terra Brum’  Pico Riserva,£35.00
 Vintage Felton Road Elms Chardonnay 2013,£35.00
 Vintage JL Chave St Joseph ‘Offerus’ 2013,£35.00
 Vintage Remhoogte Reserve Cabernet 2008,£35.00
 Vintage Remhoogte Reserve Merlot 2001,£35.00
 Tickerage Blanc de Blancs,£36.00
 Langham Blanc de Blancs,£36.00
 Fontaine du Clos Vacqueyras Pince Lapin,£36.50
 Calicantus Avresir Bardolino Superiore,£36.50
 Vintage Chateau Musar 2002,£37.00
 Vintage JL Chave St Joseph Blanc ‘Circa’ 2014,£37.00
 Roger Barnier Exquise Champagne,£37.99
 Vintage Oliver’s Taranga HJ Shiraz 2001,£38.00
 Au Bon Climat Chardonnay,£38.00
 Wiston Estate Cuvee,£34.99
 Wiston Estate Vintage Rose,£38.25
 Langham Pinot Meunier,£38.50
 Brimoncourt Blanc de Blancs Champagne,£38.99
 Nyetimber Blanc de Blancs,£38.99
 Billecart Salmon Brut Reserve Champagne,£39.00
 Joubert Tradauw Cabernet Franc,£39.00
 Baxter Mendocino Nebbiolo,£39.00
 Le Strette Barolo ‘Bergeisa’ Grand Cru,£39.50
 Vintage Chateau Musar 1998,£39.50
 Vassaltis Santorini Oaked Assyrtiko,£39.50
 Wiston Blanc de Blancs,£40.00
 Le Strette Nascetta Magnum,£40.00
 Le Strette Barolo ‘Corini Pallaretta’ Grand Cru,£40.00
 Remhoogte Honeybunch Chenin Magnum,£40.00
 Vintage Double Canyon Cabernet Sauvignon 2013,£40.00
 Billecart Salmon Extra Brut Champagne,£41.00
 La Pitchoune Pinot Noir,£42.00
 Ambriel Blancs de Blanc,£42.50
 Big Table Farm Pigs! Oregon Pinot Noir,£42.50
 Brimoncourt Extra Brut Grand Cru Champagne,£42.99
 Spell ‘Weir’ Pinot Noir,£43.00
 Jeremy Recchione Gevrey Chambertin,£43.99
 Vintage Chateau Musar Blanc 1997,£44.00
 Vintage Domaine Tempier Rose 2012,£44.00
 Albury Estate Prestige Cuvee,£45.00
 Le Strette Barolo ‘Bergera Pezzole’ Grand Cru,£45.00
 Spell ‘Umino’ Pinot Noir,£45.00
 Billecart Salmon Brut Nature,£45.00
 Big Table Farm ‘The Funk’ Syrah,£45.00
 Panoramico White Rioja Magnum,£45.00
 Panoramico Rioja Magnum,£45.00
 Vintage Niepoort x Raul Perez Ladredo 2009,£45.00
 Fontaine du Clos Vacqueyras Magnum,£46.00
 Ridge Lytton Estate Petite Sirah,£47.00
 Vintage Chateau Musar 1997,£47.00
 Vintage Niepoort x Telmo Rodriguez OmLet 2010,£47.50
 Ridge Lytton Springs,£48.00
 Ridge East Bench Zinfandel,£48.00
 Ridge Geyserville,£48.00
 Vintage Pruneto Chianti Classico 2009,£48.00
 Vintage Le Grappin Santenay 1er Cru 2015,£48.00
 Vintage Chateau Musar Blanc 2006,£49.00
 Roger Barnier L’Oublieé Solera Champagne,£49.99
 Jeremy Recchione Fixin Premier Cru,£49.99
 Baxter Oppenlander Pinot Noir,£49.99
 Arteis & Co Brut Champagne,£50.00
 Vintage Chateau Musar 2003,£50.00
 Dagon Sandridge,£50.00
 £50 Gift Voucher(s),£50.00
 Vintage Domaine Tempier Blanc 2006,£50.00
 Vintage Chateau Musar Blanc 2005,£52.00
 Vintage Chateau Musar 2006,£52.00
 Billecart Salmon No1 Rendezvous Meunier,£52.50
 Roger Barnier Old-Vine Champagne,£52.99
 Savaterre Estate Chardonnay,£54.00
 Savaterre Estate Pinot Noir,£54.00
 Savaterre Estate Shiraz,£54.00
 Billecart Salmon Rose Champagne,£55.00
 Vintage Pruneto Chianti Classico 2007,£55.00
 Vintage Felton Road Calvert Pinot 2015,£55.00
 Vintage Domaine Tempier Bandol Classique 2011,£55.00
 Vintage Domaine Tempier Bandol Classique 2017,£36.00
 Billecart Salmon Rose Gift Boxed,£57.00
 Arteis & Co Rose Champagne,£58.00
 Vintage Chateau Musar Blanc 2003,£58.00
 Billecart Salmon Blanc de Blancs Grand Cru,£59.99
 Kikelet Aszu Tokaji (6 puttonyos) 50cl,£59.99
 Vintage Chateau Musar 2008,£60.00
 Vintage Ridge Lytton Springs 2016,£60.00
 Szepsy Tokaji (3 puttonyos) 50cl,£60.00
 Szepsy Urban 73 Dry Tokaji,£60.00
 Vintage Domaine Tempier Bandol Classique 2007,£80.00
 Vintage Domaine Tempier Bandol Cabassaou 2011,£105.00
 Vintage Domaine Tempier Bandol Cabassaou 2002,£125.00
 Vintage Domaine Tempier Bandol Migoua 2014,£70.00
 Vintage Domaine Tempier Bandol Migoua 2011,£92.00
 Vintage Domaine Tempier Bandol Migoua 2000,£125.00
 Vintage Felton Road Cornish Point Pinot Noir 2016,£64.00
 Vintage Billecart Salmon Champagne 2008,£65.00
 Brimoncourt Regence Champgane Magnum,£65.00
 Roger Barnier Champagne Magnum,£65.00
 Vintage Chateau Musar Blanc 2009,£65.00
 Spell Napa Cabernet,£65.00
 Double Canyon Cabernet Sauvignon Magnum,£65.00
 Nyetimber Classic Cuvee Magnum,£65.00
 Vintage Remhoogte Pinotage 1997,£69.99
 Ridge Estate Cabernet,£70.00
 Musso ‘Pora’ Barbaresco Magnum,£70.00
 Vintage Au Bon Climat Knox Alexander Pinot Noir 2016,£72.00
 Vintage Gravner Ribolla 2010,£74.50
 Vintage Chateau Musar 1999,£75.00
 Vintage Pruneto Chianti Classico 2003,£75.00
 Vintage Ridge Estate Chardonnay 2017,£75.00
 Vintage Didier Dagueneau Pouilly Fume Silex 2016,£150.00
 Vintage Wiston Blanc de Blancs 2011,£75.00
 Vintage Nyetimber Blanc de Blancs 2010,£75.00
 Vintage JL Chave Hermitage Farconnet 2006,£75.00
 Vintage Au Bon Climat Sandford and Benedict Pinot 2009,£75.00
 Vintage Au Bon Climat Sandford and Benedict Chardonnay 2009,£75.00
 Jeremy Recchione St Romain Magnum,£73.80
 Wanderlust Wine Rosé Collective (6 bottles),£82.00
 Vintage Grace Family BLANK Napa Cabernet 2011 Half bottle,£82.50
 Nyetimber Tillington,£84.00
 Vintage Szepsy Tokaji 2003 (6 puttonyos) 50cl,£85.00
 Arteis & Co Blanc de Blancs 1er Cru Champagne,£90.00
 Ridge Lytton Springs Magnum,£90.00
 Oliver’s Taranga M53 Shiraz,£95.00
 Vintage Szepsy Tokaji 2000 (6 puttonyos) 50cl,£95.00
 Wanderlust Wine Case White Wine Collective (6 bottles),£100.00
 Wanderlust Wine Discovery Case (6 bottles),£100.00
 Essential Christmas Case (mixed 6 bottles),£101.00
 New World Mixed Case (case of 6),£105.00
 Mixed French Selection (case of 6),£105.00
 Billecart Salmon Nicolas Francois Gift Boxed,£114.00
 Billecart Salmon Louis Blanc de Blancs Gift Boxed,£115.00
 Italian Reds (case of 6),£118.00
 Billecart Salmon Rose Champagne Magnum,£124.00
 French Reds Selection (case of 6),£125.00
 Vintage Ridge Monte Bello Santa Cruz 2007,£125.00
 Nyetimber 1086 Prestige Cuvee,£129.99
 French Whites (case of 6),£130.00
 Vintage Jamet Cote Rotie 2000,£400.00
 Vintage JL Chave Hermitage 2006,£375.00
 Vintage JL Chave Hermitage 2004,£420.00
 Domaine Jamet Cote Rotie 2010,£300.00
 Vintage Billecart Salmon Nicolas Francois 2002,£135.00
 Billecart Salmon Champagne Tasting Pack (case of 3),£135.00
 Billecart Salmon Cuvee Elisabeth Rose Gift Boxed,£149.99
 Grace Family BLANK Napa Cabernet,£149.99
 Nyetimber 1086 Rose Prestige Cuvee,£149.99
 Vintage Felton Road Cornish Point Pinot 2015 Magnum,£150.00
 Coravin Model Two Wine System,£172.00
 Coravin Model Two Elite Piano Black,£175.00
 Coravin Model Two Elite Silver – Wine System,£194.00
 Wanderlust Wine Discovery Case (12 bottles),£200.00
 2020 Best Sellers Case (mixed 10 bottles),£211.00
 Vintage Ridge Monte Bello 1999,£240.00
 Vintage Ridge Monte Bello 2013,£250.00
 Vintage Ridge Monte Bello 2015,£250.00
 Vintage Billecart Salmon Nicolas Francois 2002 Magnum,£269.00
 Vintage Billecart Le Clos Saint Hilaire 2002 Gift Boxed,£400.00
