title,date_released,original_price,discount_price
PLAYERUNKNOWN'S BATTLEGROUNDS,"21 Dec, 2017",999,499
Resident Evil Village,,,3499
It Takes Two,"25 Mar, 2021",,2499
NieR:Automata™,"17 Mar, 2017",1330,665
Resident Evil Village Deluxe Edition,,,4173
GreedFall,"9 Sep, 2019",1799,611
Hood: Outlaws & Legends,"10 May, 2021",,1199
Hood: Outlaws & Legends - Year 1 Edition,"10 May, 2021",,1999
Resident Evil Village & Resident Evil 7 Complete Bundle,"6 May, 2021",,4999
NBA 2K21,"3 Sep, 2020",3299,527
Grand Theft Auto V: Premium Edition,,,1978
DEATH STRANDING,"14 Jul, 2020",3999,1599
Valheim,"2 Feb, 2021",,529
Mass Effect™ Legendary Edition,"14 May, 2021",,3999
NieR Replicant™ ver.1.22474487139...,"23 Apr, 2021",,2999
Monster Hunter World: Iceborne Master Edition,,4299,2522
Apex Legends™ - Champion Edition,"4 Nov, 2020",,2499
NARUTO SHIPPUDEN: Ultimate Ninja STORM 4,"4 Feb, 2016",2000,460
EA SPORTS™ FIFA 21,"8 Oct, 2020",3999,1319
Phasmophobia,"18 Sep, 2020",,439
Breathedge,"25 Feb, 2021",569,398
The Binding of Isaac: Rebirth Complete Bundle,,,1646
Universe Sandbox,"24 Aug, 2015",699,468
Total War: ROME REMASTERED,"29 Apr, 2021",,1699
Wallpaper Engine,Nov 2018,,229
TEKKEN 7,"1 Jun, 2017",989,148
Persona 4 Golden,"13 Jun, 2020",1039,727
Yakuza: Like a Dragon,"10 Nov, 2020",2499,1749
Sea of Thieves,"3 Jun, 2020",,899
Touhou Kouryudou ~ Unconnected Marketeers.,"3 May, 2021",,459
OCTOPATH TRAVELER™,"7 Jun, 2019",4250,2125
STAR WARS Jedi: Fallen Order™,"14 Nov, 2019",2499,1249
Rust,"8 Feb, 2018",,899
CODE VEIN,"26 Sep, 2019",2999,989
The Yakuza Bundle,,2429,942
OUTRIDERS,"1 Apr, 2021",,2999
Craftopia,"4 Sep, 2020",569,455
TEKKEN 7,"1 Jun, 2017",989,148
CODE VEIN,"26 Sep, 2019",2999,989
GOD EATER 3,"7 Feb, 2019",1299,259
STAR WARS™: The Old Republic™ - Cartel Coins,"21 Jul, 2020",,249
STAR WARS™: The Old Republic™ - Cartel Coins,"21 Jul, 2020",,249
STAR WARS™: The Old Republic™ - Cartel Coins,"21 Jul, 2020",,249
STAR WARS™: The Old Republic™ - Cartel Coins,"21 Jul, 2020",,249
STAR WARS™: The Old Republic™ - Cartel Coins,"21 Jul, 2020",,249
STAR WARS™ Battlefront™ II,"11 Jun, 2020",2499,749
Red Dead Redemption 2,"5 Dec, 2019",,3199
EA Play,"31 Aug, 2020",,315
Cyberpunk 2077,"9 Dec, 2020",,2999
Forza Horizon 4,"9 Mar, 2021",,1299
Monster Hunter World: Iceborne,"9 Jan, 2020",2999,1859
NARUTO SHIPPUDEN: Ultimate Ninja STORM Legacy,,10246,1733
Yakuza Remastered Collection,,1995,1068
GTFO,"9 Dec, 2019",759,607
Fall Guys: Ultimate Knockout,"3 Aug, 2020",,529
FINAL FANTASY XV EPISODE ARDYN COMPLETE EDITION,,2389,1194
STAR WARS™: Squadrons,"1 Oct, 2020",2499,1249
Stardew Valley,"26 Feb, 2016",,479
BIOMUTANT,"25 May, 2021",,1889
Raft,"23 May, 2018",,565
The Forest,"30 Apr, 2018",,529
Baldur's Gate 3,"6 Oct, 2020",,2999
Danganronpa 1/2/V3,,2029,607
Little Nightmares,"27 Apr, 2017",565,113
Halo: The Master Chief Collection,"3 Dec, 2019",,899
JUMP FORCE,"14 Feb, 2019",4900,980
Satisfactory,"8 Jun, 2020",,749
鬼谷八荒,"27 Jan, 2021",,829
Yakuza 0,"1 Aug, 2018",665,166
STAR WARS™ Complete Collection,,9280,2429
DYNASTY WARRIORS 8: Xtreme Legends Complete Edition,"13 May, 2014",989,395
Titanfall® 2,"18 Jun, 2020",,1499
NBA 2K21,"3 Sep, 2020",3299,527
Dead by Daylight,"14 Jun, 2016",,565
EARTH DEFENSE FORCE 5,"11 Jul, 2019",1299,649
ARK: Survival Evolved,"27 Aug, 2017",,1099
Terraria,"16 May, 2011",,369
DJMAX RESPECT V - CLEAR PASS : S2 PREMIUM TICKET,"3 May, 2021",1065,905
Devil May Cry 5 - Deluxe Edition,,3895,1950
Project Zomboid,"8 Nov, 2013",,479
The Long Dark,"1 Aug, 2017",699,230
DJMAX RESPECT V - Complete Edition,,6929,1937
Hades,"17 Sep, 2020",,569
SOULCALIBUR VI,"18 Oct, 2018",2499,374
Devil May Cry 5,"7 Mar, 2019",1749,1399
Squad,"23 Sep, 2020",,1099
Half-Life: Alyx,"23 Mar, 2020",,1299
Trials of Mana,"24 Apr, 2020",2499,1249
The Elder Scrolls V: Skyrim Special Edition,"27 Oct, 2016",,2670
X4: Foundations Collector's Edition,,3744,1794
Monster Hunter World: Iceborne Master Edition Digital Deluxe,,4899,2972
METAL GEAR SOLID V: The Definitive Experience,,1599,399
Tom Clancy's Rainbow Six® Siege,"1 Dec, 2015",,999
Risk of Rain 2,"11 Aug, 2020",,719
LEGO® Star Wars™ - The Complete Saga,"12 Nov, 2009",529,132
Mortal Kombat 11 Ultimate,"17 Nov, 2020",,1349
Divinity: Original Sin 2 - Definitive Edition,"14 Sep, 2017",,989
Tales of Vesperia: Definitive Edition,"10 Jan, 2019",2600,520
JUMP FORCE,"14 Feb, 2019",4900,980
STAR WARS Jedi: Fallen Order Deluxe Edition,"14 Nov, 2019",3499,1749
DayZ,"13 Dec, 2018",,2799
Apex Legends™ - Octane Edition,"4 Nov, 2020",,1499
PAYDAY 2: Legacy Collection,,4354,740
Mount & Blade II: Bannerlord,"30 Mar, 2020",,2499
Left 4 Dead 2,"16 Nov, 2009",,349
NARUTO TO BORUTO: SHINOBI STRIKER,"30 Aug, 2018",1099,164
Grounded,"28 Jul, 2020",,699
DEVOUR,"28 Jan, 2021",,199
Among Us,"16 Nov, 2018",199,159
BeamNG.drive,"29 May, 2015",,569
Legend of Keepers: Career of a Dungeon Manager,"29 Apr, 2021",529,476
Fallout 76: Atoms,"14 Apr, 2020",,399
Fallout 76: Atoms,"14 Apr, 2020",,399
Fallout 76: Atoms,"14 Apr, 2020",,399
Fallout 76: Atoms,"14 Apr, 2020",,399
Garry's Mod,"29 Nov, 2006",,369
Sekiro™: Shadows Die Twice - GOTY Edition,"21 Mar, 2019",,3999
Mafia Trilogy,"24 Sep, 2020",3299,2177
The Isle,"1 Dec, 2015",,565
Destiny 2: Legendary Edition,"10 Nov, 2020",,1799
Subnautica,"23 Jan, 2018",,699
Rakuen,"10 May, 2017",369,111
DayZ Livonia Edition,,3648,2977
CS:GO Prime Status Upgrade,"21 Aug, 2012",,1140
Subnautica: Below Zero,"30 Jan, 2019",,699
CryoFall,"29 Apr, 2021",529,343
Persona® 5 Strikers,"22 Feb, 2021",3499,2799
Stellaris: Nemesis,"15 Apr, 2021",,529
EA STAR WARS™ TRIPLE BUNDLE,,8497,3486
7 Days to Die,"13 Dec, 2013",,619
DJMAX RESPECT V,"11 Mar, 2020",3199,1119
Football Manager 2021,"23 Nov, 2020",,2499
A Dance of Fire and Ice,"24 Jan, 2019",,219
Yakuza 6: The Song of Life,"25 Mar, 2021",665,598
Pummel Party,"20 Sep, 2018",,459
Tabletop Simulator,"5 Jun, 2015",,565
DJMAX RESPECT V - Deluxe Edition,,5509,1734
Dyson Sphere Program,"20 Jan, 2021",,679
OMORI,"25 Dec, 2020",,529
Mass Effect™ Legendary Edition – ME3 Owner Offer,,,4563
Monster Hunter: World,"9 Aug, 2018",,2497
Destiny 2: Beyond Light Deluxe Edition,"10 Nov, 2020",,1499
FINAL FANTASY XII THE ZODIAC AGE,"1 Feb, 2018",2899,1449
Totally Accurate Battle Simulator,"1 Apr, 2021",,529
SCUM,"29 Aug, 2018",,759
Deep Rock Galactic,"13 May, 2020",,699
PAYDAY 2,"13 Aug, 2013",349,174
"Ranch Simulator - The Realistic Multiplayer Agriculture Management Sandbox; Farm, Harvest, Hunt & Build","4 Mar, 2021",569,455
NEKOPARA,,1824,848
Age of Empires II: Definitive Edition,"14 Nov, 2019",,529
3DMark,"12 Feb, 2013",699,104
Horizon Zero Dawn™ Complete Edition,"7 Aug, 2020",,1099
Sid Meier's Civilization VI : Platinum Edition,,,5384
Beat Saber,"21 May, 2019",,699
NARUTO SHIPPUDEN: Ultimate Ninja STORM 4 Road to Boruto,,4336,1057
Factorio,"14 Aug, 2020",,700
Nioh 2 – The Complete Edition,"5 Feb, 2021",,2499
Mafia: Definitive Edition,"24 Sep, 2020",2199,1649
HUMANKIND™,"17 Aug, 2021",2899,2406
FINAL FANTASY XV WINDOWS EDITION,"6 Mar, 2018",2099,1049
Tales of Berseria™,"26 Jan, 2017",3284,492
Euro Truck Simulator 2 - Iberia,"8 Apr, 2021",,559
Yakuza: Like a Dragon,"10 Nov, 2020",2499,1749
Bayonetta,"11 Apr, 2017",665,166
Apex Legends™ - Bloodhound Edition,"4 Nov, 2020",,1499
AI＊Shoujo/AI＊少女,"16 Mar, 2020",2924,2339
"Papers, Please","8 Aug, 2013",,349
Warhammer: Vermintide 2,"8 Mar, 2018",,699
DARK SOULS™: REMASTERED,"23 May, 2018",,1199
Don't Starve Together,"21 Apr, 2016",,459
Total War: THREE KINGDOMS,"23 May, 2019",,2699
Cities: Skylines,"10 Mar, 2015",,729
RimWorld,"17 Oct, 2018",,759
DYNASTY WARRIORS 9 Complete Edition / 真・三國無双８ オールシーズンパスエディション,"4 Dec, 2019",1749,1049
TECHNIKA 1+2+3 BUNDLE,,4440,1320
FlowScape,"15 Aug, 2019",459,114
Call of Duty®: Black Ops III,"5 Nov, 2015",,3999
STAR WARS™ Empire at War - Gold Pack,"25 May, 2010",529,185
Hell Let Loose,"6 Jun, 2019",,699
Microsoft Flight Simulator,"17 Aug, 2020",,3999
The Binding of Isaac: Rebirth,"4 Nov, 2014",,459
ELDERBORN,"30 Jan, 2020",459,229
GTA V: Megalodon Shark Cash Card,,,3916
CHRONO TRIGGER®,"27 Feb, 2018",899,449
Zombie Army 4: Season Pass Three,"4 May, 2021",,759
Days Gone,"18 May, 2021",,2999
NARUTO TO BORUTO: SHINOBI STRIKER,"30 Aug, 2018",1099,164
Bloons TD 6,"17 Dec, 2018",,349
X4: Foundations,"30 Nov, 2018",1999,1199
Sid Meier’s Civilization® VI,"20 Oct, 2016",,2499
MORDHAU,"29 Apr, 2019",,699
Age of Empires III: Definitive Edition,"15 Oct, 2020",,529
No Man's Sky,"12 Aug, 2016",,1799
State of Decay 2: Juggernaut Edition,"13 Mar, 2020",,1099
Insurmountable,"29 Apr, 2021",529,476
TaleSpire,"14 Apr, 2021",,569
ARK: Genesis Season Pass,"8 Aug, 2019",,759
Hobo: Tough Life,"12 Apr, 2021",,569
The Legend of Heroes: Trails of Cold Steel,"2 Aug, 2017",849,424
Crusader Kings III,"1 Sep, 2020",,1099
Okami HD,"12 Dec, 2017",1990,995
Warhammer: Vermintide 2 - Content Bundle,,,2301
Yu-Gi-Oh! Legacy of the Duelist : Link Evolution,"24 Mar, 2020",899,359
Overcooked! 2,"7 Aug, 2018",,569
Fallout 1st,"14 Apr, 2020",,1248
Fallout 1st,"14 Apr, 2020",,1248
Expansion - Europa Universalis IV: Leviathan,"27 Apr, 2021",,529
Little Nightmares II,"10 Feb, 2021",,1199
DORAEMON  STORY OF SEASONS,"10 Oct, 2019",1499,599
Conan Exiles,"8 May, 2018",,999
DRAGON QUEST® XI S: Echoes of an Elusive Age™ - Definitive Edition,"4 Dec, 2020",,2499
VR Kanojo / VRカノジョ,"8 Apr, 2018",1099,604
Disgaea Dood Bundle,,3728,1049
The Warlord package,,,2718
3DMark + PCMark 10 + VRMark,,1927,215
Portal 2,"18 Apr, 2011",,349
PAYDAY 2: Silk Road Collection,,2286,1150
Dorfromantik,"25 Mar, 2021",,349
Last Epoch,"30 Apr, 2019",,759
Hearts of Iron IV,"6 Jun, 2016",,849
Human: Fall Flat,"22 Jul, 2016",,529
STAR WARS™: The Old Republic™  - Subscriptions,"21 Jul, 2020",,1099
STAR WARS™: The Old Republic™  - Subscriptions,"21 Jul, 2020",,1099
STAR WARS™: The Old Republic™  - Subscriptions,"21 Jul, 2020",,1099
STAR WARS™: The Old Republic™  - Subscriptions,"21 Jul, 2020",,1099
Dragon's Dogma: Dark Arisen,"15 Jan, 2016",1799,539
Insurgency: Sandstorm,"12 Dec, 2018",,999
Valkyria Chronicles 4 Complete Edition,,3399,1019
古剑奇谭三(Gujian3),"14 Dec, 2018",699,349
Blade and Sorcery,"11 Dec, 2018",,529
Lunch Lady,"15 Apr, 2021",,199
Disco Elysium - The Final Cut,"15 Oct, 2019",,899
Bloodstained: Ritual of the Night,"18 Jun, 2019",2499,1249
"Star Wars: Battlefront 2 (Classic, 2005)","8 Jul, 2009",349,122
Hunt: Showdown - Deluxe Edition,,,1115
Battlefield V,"22 Oct, 2020",,3999
九州：商旅（Nine Provinces: Caravan）,"26 Feb, 2021",329,296
Golf It!,"17 Feb, 2017",,359
Hunt: Showdown,"27 Aug, 2019",,1499
The Evil Within 2,"12 Oct, 2017",1999,999
Golf With Your Friends,"19 May, 2020",,459
Sword Art Online: Fatal Bullet - Complete Edition,,2295,587
TEKKEN 7 - Season Pass 3,"9 Sep, 2019",619,309
BONEWORKS,"10 Dec, 2019",,699
Noita,"15 Oct, 2020",,529
Gunfire Reborn,"22 May, 2020",,399
Dead Rising 3 Apocalypse Edition,"5 Sep, 2014",999,300
Pavlov VR,"27 Feb, 2017",,569
Yakuza: Like a Dragon,"10 Nov, 2020",2499,1749
DARK SOULS™ III,"11 Apr, 2016",,4299
Sid Meier's Civilization® VI: New Frontier Pass,"20 May, 2020",,2199
SOULCALIBUR VI Season Pass 2,"25 Nov, 2019",2299,1149
Cities: Skylines - New Player Bundle,,,1877
Red Dead Online,"1 Dec, 2020",,1499
eFootball PES 2021 SEASON UPDATE,"15 Sep, 2020",800,264
Apex Legends™ - Gibraltar Edition,"16 Feb, 2021",,1499
Voxel Tycoon,"15 Apr, 2021",,569
Euro Truck Simulator 2,"12 Oct, 2012",,965
Destiny 2: Beyond Light + 1 Season,"10 Nov, 2020",,1099
Total War: WARHAMMER III,Late 2021,,3399
Puyo Puyo™ Tetris® 2,"23 Mar, 2021",1349,903
Skul: The Hero Slayer,"20 Jan, 2021",,529
Fallout 4: Game of the Year Edition,"10 Nov, 2015",,2999
NARUTO TO BORUTO: SHINOBI STRIKER Season Pass 2,"1 Aug, 2019",899,449
Tales of Zestiria,"19 Oct, 2015",3284,492
Destiny 2: Beyond Light Deluxe Edition Upgrade,"10 Nov, 2020",,600
Hollow Knight,"24 Feb, 2017",,479
Conan Exiles - Complete Edition,,,3524
Katamari Damacy REROLL,"6 Dec, 2018",699,230
GreedFall – Adventurer’s Gear DLC,"9 Sep, 2019",99,66
STAR WARS™ Battlefront™ Bundle,,3498,953
FINAL FANTASY XIV: Shadowbringers,"2 Jul, 2019",,2519
Total War: WARHAMMER II,"28 Sep, 2017",,2699
The Witcher 3: Wild Hunt - Game of the Year Edition,"30 Aug, 2016",,999
Streets of Rage 4,"30 Apr, 2020",569,341
Tom Clancy's Rainbow Six® Siege,"1 Dec, 2015",,999
STAR WARS™ - The Force Unleashed™ Ultimate Sith Edition,"15 Dec, 2009",529,185
Muse Dash - Just as planned,"19 Jun, 2019",1800,1620
Age of Empires Definitive Collection,,,1142
SCUM + Supporter Pack,,,1053
Facerig Studio for Individual Creators,"17 May, 2017",,19344
Labyrinthine,"28 Oct, 2020",,349
Street Fighter V,"15 Feb, 2016",1499,599
Warpips,"29 Apr, 2021",349,279
Apex Legends™ - Lifeline Edition,"4 Nov, 2020",,1499
Elite Dangerous: Odyssey,"19 May, 2021",,899
ARK: Survival Evolved Explorer's Edition,,,1927
Devil May Cry HD Collection,"13 Mar, 2018",2750,1815
The Elder Scrolls Online - Blackwood,"1 Jun, 2021",,2400
Detroit: Become Human,"18 Jun, 2020",,1899
港詭實錄ParanormalHK,"6 Jan, 2020",575,402
DUSK,"10 Dec, 2018",529,317
Project CARS 3,"27 Aug, 2020",2499,999
METAL GEAR RISING: REVENGEANCE,"9 Jan, 2014",1960,490
The Tenants,"25 Mar, 2021",,529
Warhammer: Vermintide 2 - Forgotten Relics Pack,"20 Apr, 2021",,239
Grand Theft Auto V: Premium Edition & Great White Shark Card Bundle,,,2565
Holdfast: Nations At War,"5 Mar, 2020",565,254
SD GUNDAM G GENERATION CROSS RAYS,"27 Nov, 2019",1999,999
STAR WARS™ Republic Commando™,"8 Jul, 2009",349,122
First Class Trouble,"8 Apr, 2021",,555
KovaaK 2.0,"3 Apr, 2018",,349
DOOM Eternal Standard Edition,"19 Mar, 2020",,3999
Grim Dawn Definitive Edition,,,1611
FINAL FANTASY® XIII,"9 Oct, 2014",519,259
Sword Art Online: Fatal Bullet,"23 Feb, 2018",899,179
SWORD ART ONLINE Alicization Lycoris,"9 Jul, 2020",2999,1499
They Are Billions,"18 Jun, 2019",,1199
STAR WARS™ - Knights of the Old Republic™,"5 Sep, 2009",349,122
STAR WARS™ Knights of the Old Republic™ II - The Sith Lords™,"23 Aug, 2012",349,122
Arma 3,"12 Sep, 2013",,1999
Fallout 76,"14 Apr, 2020",,2499
Yakuza Kiwami,"19 Feb, 2019",665,332
Out of the Park Baseball 22,"26 Mar, 2021",,899
Stronghold: Warlords,"9 Mar, 2021",899,719
Oxygen Not Included,"30 Jul, 2019",,569
Cities: Skylines Collection,,,7138
Hearts of Iron IV: Mobilization Pack,,,2955
Elite Dangerous,"2 Apr, 2015",,1980
Crusader Kings III Royal Edition,"1 Sep, 2020",,1549
Cuphead,"29 Sep, 2017",,565
Stick Fight: The Game,"28 Sep, 2017",,259
Witch It,"22 Oct, 2020",489,195
Green Hell,"5 Sep, 2019",,569
Dungeons & Dragons: Dark Alliance,"22 Jun, 2021",,2174
The Sims™ 4,"18 Jun, 2020",,2499
Gang Beasts,"12 Dec, 2017",,565
AI: The Somnium Files,"17 Sep, 2019",1299,519
LEGO® Star Wars™ III - The Clone Wars™,"22 Mar, 2011",529,132
Catherine Classic,"10 Jan, 2019",665,252
Disgaea 5 Complete,"22 Oct, 2018",899,359
Hunt: Showdown - Gold Edition,,,1487
GROUND BRANCH,"14 Aug, 2018",,699
Dying Light,"26 Jan, 2015",,1000
FINAL FANTASY IX,"14 Apr, 2016",595,297
The Elder Scrolls® Online,"22 May, 2017",,1599
Danganronpa V3: Killing Harmony,"25 Sep, 2017",899,359
Kill It With Fire,"13 Aug, 2020",459,229
Scrap Mechanic,"19 Jan, 2016",,565
DJMAX RESPECT V - Portable 3 PACK,"18 Apr, 2021",,1420
GUILTY GEAR Xrd -REVELATOR-,"14 Dec, 2016",729,145
Temtem,"21 Jan, 2020",,1180
.hack//G.U. Last Recode,"3 Nov, 2017",989,148
Endzone - A World Apart,"18 Mar, 2021",,699
UNO,"3 Jan, 2017",,499
Foxhole,"27 Jul, 2017",,565
Among Us: All-in-one,,1079,560
Left 4 Dead Bundle,,,524
Destiny 2: Forsaken,"10 Nov, 2020",,569
Erophone,"26 Apr, 2021",,350
METAL GEAR SOLID V: THE PHANTOM PAIN,"1 Sep, 2015",769,192
Microsoft Flight Simulator,"17 Aug, 2020",,3999
Cytus + Deemo Bundle,,2130,632
Project CARS 2,"21 Sep, 2017",2999,449
Apex Legends™ - Pathfinder Edition,"4 Nov, 2020",,1499
Clazziquai Edition + Black Square Bundle,,2840,844
Skater XL - The Ultimate Skateboarding Game,"28 Jul, 2020",,899
Resident Evil 7 Biohazard,"23 Jan, 2017",,1999
Yakuza Kiwami 2,"9 May, 2019",1099,549
Apex Legends™ - Lifeline and Bloodhound Double Pack,"4 Nov, 2020",,2899
Second Extinction™,"13 Oct, 2020",569,426
The Henry Stickmin Collection,"7 Aug, 2020",459,302
STAR WARS™: The Force Unleashed™ II,"1 Dec, 2010",529,185
Portal Bundle,,,524
Monster Hunter World: Iceborne Digital Deluxe,,3499,2234
Dungeons & Dragons: Dark Alliance,"22 Jun, 2021",,2174
Stellaris,"9 May, 2016",,849
The Elder Scrolls V: Skyrim VR,"2 Apr, 2018",,2999
The Jackbox Party Pack 7,"14 Oct, 2020",,699
Summer Memories,"14 Jun, 2020",529,423
ACE COMBAT™ 7: SKIES UNKNOWN - 25th Anniversary DLC -  Experimental Aircraft Series Set,"27 Apr, 2021",,799
SENRAN KAGURA ESTIVAL VERSUS,"17 Mar, 2017",699,279
Farming Simulator 19,"19 Nov, 2018",,799
TEKKEN 7 - Season Pass 4,"9 Nov, 2020",,999
Grand Theft Auto V: Premium Edition & Megalodon Shark Card Bundle,,,4194
DayZ Livonia,"3 Dec, 2019",849,509
Planet Zoo: Premium Edition,,,5152
Undertale,"15 Sep, 2015",,369
Borderlands 3,"13 Mar, 2020",,2960
Fate/EXTELLA LINK,"19 Mar, 2019",1099,549
Dead by Daylight - All-Kill Chapter,"30 Mar, 2021",,259
House Flipper,"17 May, 2018",,529
GUILTY GEAR -STRIVE-,"11 Jun, 2021",,1299
Destiny 2: Shadowkeep,"1 Oct, 2019",,569
Deep Ocean Bundle,,,1398
STEINS;GATE,"8 Sep, 2016",699,349
Fate/EXTELLA LINK,"19 Mar, 2019",1099,549
Age of Empires II: Definitive Edition - Lords of the West,"26 Jan, 2021",,349
STEINS;GATE SERIES BUNDLE,,2757,1239
The Binding of Isaac: Afterbirth+ Bundle,,,1187
Farming Simulator 19 - Premium Edition,,,1598
The Legend of Heroes: Trails of Cold Steel II,"14 Feb, 2018",849,509
Ys VIII: Lacrimosa of DANA,"16 Apr, 2018",899,539
Teardown,"29 Oct, 2020",,619
The Legend of Heroes: Trails of Cold Steel IV,"9 Apr, 2021",,1299
ASTRONEER,"5 Feb, 2019",,699
ROUNDS,"1 Apr, 2021",,219
Euro Truck Simulator 2 Map Booster,,,3241
Slay the Spire,"23 Jan, 2019",,569
Feed and Grow: Fish,"8 Jan, 2016",,479
F1® 2020,"9 Jul, 2020",,1299
Planet Zoo,"5 Nov, 2019",,2149
The Legend of Heroes: Trails of Cold Steel III,"23 Mar, 2020",1299,779
Bayonetta & Vanquish Bundle,,1330,298
Pacify,"22 Feb, 2019",,199
NARUTO TO BORUTO: SHINOBI STRIKER Season Pass 3,"30 Jul, 2020",999,499
Borderlands 3: Super Deluxe Edition,"13 Mar, 2020",,2960
Battlefield 4™,"11 Jun, 2020",,2499
Eco,"6 Feb, 2018",,699
Tales of Arise,"9 Sep, 2021",,2299
A Way Out,"18 Jun, 2020",,1499
CarX Drift Racing Online,"17 Nov, 2017",,459
Total War: WARHAMMER,"24 May, 2016",,2699
ROMANCE OF THE THREE KINGDOMS XIV: Diplomacy and Strategy Expansion Pack Bundle,"9 Dec, 2020",,4432
RimWorld - Royalty,"24 Feb, 2020",,529
Assetto Corsa,"19 Dec, 2014",,529
Cooking Simulator,"6 Jun, 2019",529,317
EA Sports™ Bundle,,7998,1742
Sword Art Online: Hollow Realization Deluxe Edition,"27 Oct, 2017",989,247
Assassin's Creed® Odyssey,"5 Oct, 2018",,2999
Shiren the Wanderer: The Tower of Fortune and the Dice of Fate,"2 Dec, 2020",529,423
R-Type Final 2,"30 Apr, 2021",,899
Assetto Corsa Ultimate Edition,,,1409
Sid Meier's Civilization V: Complete,,,2460
Street Fighter V: Champion Edition + Season 5 Premium Pass Bundle,,,4563
Shadow Tactics: Blades of the Shogun,"6 Dec, 2016",849,84
iRacing,"12 Jan, 2015",,369
iRacing,"12 Jan, 2015",,369
iRacing,"12 Jan, 2015",,369
theHunter: Call of the Wild™,"16 Feb, 2017",,529
Need for Speed™ Heat,"4 Jun, 2020",,4499
CryoFall Supporter Bundle,,658,425
Metro Exodus,"14 Feb, 2020",,999
ACE COMBAT™ 7: SKIES UNKNOWN 25th Anniversary DLC - Original Aircraft Series – Set,"27 Oct, 2020",799,399
Record of Lodoss War-Deedlit in Wonder Labyrinth-,"27 Mar, 2021",529,423
Devil May Cry 4 Special Edition,"23 Jun, 2015",1499,599
SaGa Frontier Remastered,"15 Apr, 2021",,1200
Grand Theft Auto IV: The Complete Edition,"24 Mar, 2020",,999
JUMP FORCE - Characters Pass 2,"21 May, 2020",1199,599
RPG Maker MZ,"27 Aug, 2020",1699,1359
Stellaris: Federations,"17 Mar, 2020",,529
Evil Genius 2: World Domination,"30 Mar, 2021",,899
Danganronpa: Trigger Happy Havoc,"18 Feb, 2016",565,226
Luck be a Landlord,"8 Jan, 2021",,349
JUMP FORCE,"14 Feb, 2019",4900,980
STAR WARS™ Jedi Knight Collection,,1261,328
Pacific Northwest,,,1860
Arma 3 Ultimate Edition,,,6631
Loop Hero,"4 Mar, 2021",,499
The Walking Dead: Saints & Sinners,"23 Jan, 2020",,899
Madden NFL 21,"27 Aug, 2020",3999,1319
Mortal Kombat 11,"23 Apr, 2019",,1149
Generation Zero® - Soviet Weapons Pack,"4 May, 2021",,180
RPG Maker MV Bundle,"16 Dec, 2015",2469,493
Valkyria Chronicles Bundle,,3964,1090
Barotrauma,"5 Jun, 2019",,699
"STAR WARS™ Battlefront (Classic, 2004)","1 May, 2019",349,139
Warframe: Prime Vault – Zephyr & Chroma Dual Pack,"27 Apr, 2021",,4057
Rhythm Doctor,"26 Feb, 2021",,479
BIGFOOT,"31 Jan, 2017",,479
Company of Heroes 2 Master Collection,,,1207
Tales of Symphonia,"1 Feb, 2016",1313,328
Devil May Cry 5 - Playable Character: Vergil,"14 Dec, 2020",,395
Ultimate Chicken Horse,"4 Mar, 2016",,459
Teamfight Manager,"1 Mar, 2021",,349
LIGHTNING RETURNS™: FINAL FANTASY® XIII,"10 Dec, 2015",565,282
Utawarerumono Series Bundle,,3097,1685
Elite Dangerous: Odyssey,"19 May, 2021",,899
RPG Maker MV,"23 Oct, 2015",1559,389
GIRLS' FRONTLINE + CHUNITHM  Bundle,,1030,481
Turnip Boy Commits Tax Evasion,"22 Apr, 2021",,459
Sally Face - COMPLETE GAME,,,568
Generation Zero® - Resistance Bundle,,,1175
PGA TOUR 2K21,"20 Aug, 2020",,2999
Warframe: Initiate Pack,"25 Aug, 2020",1014,507
Team Zero Escape Bundle,,2527,908
Dying Light Enhanced Edition,,,1499
Library Of Ruina,"15 May, 2020",,699
Monster Hunter Stories 2: Wings of Ruin Deluxe Edition,,,4155
Outer Wilds,"18 Jun, 2020",,569
Space Engineers,"28 Feb, 2019",,789
Planet Coaster,"17 Nov, 2016",,2970
Dreamcast Collection,,2463,264
Assetto Corsa Competizione,"29 May, 2019",,2799
ATLAS,"22 Dec, 2018",699,349
Slime Rancher,"1 Aug, 2017",,565
FINAL FANTASY VII,"4 Jul, 2013",409,204
NARUTO STORM 4 : Road to Boruto Expansion,"2 Feb, 2017",565,282
Predator: Hunting Grounds,"29 Apr, 2021",,2499
STEINS;GATE + STEINS;GATE 0,,1458,655
Call of Duty®: WWII,"2 Nov, 2017",,3999
The Legend of Heroes: Trails in the Sky,"29 Jul, 2014",565,282
Dead Cells: The Fatal Seed Bundle,,,873
Attack on Titan 2: Final Battle,,,1299
Bright Memory,"25 Mar, 2020",349,279
RESONANCE OF FATE™/END OF ETERNITY™ 4K/HD EDITION,"17 Oct, 2018",759,531
Dread Hunger,"22 Apr, 2021",,569
ULTIMATE MARVEL VS. CAPCOM 3,"6 Mar, 2017",2069,620
Far Cry® 5,"26 Mar, 2018",,2999
Sonic Adventure 2,"19 Nov, 2012",369,92
In Silence,"16 Oct, 2020",,349
Mafia III: Definitive Edition,"19 May, 2020",1699,849
Lobotomy Corporation | Monster Management Simulation,"9 Apr, 2018",,569
Sonic Mania,"29 Aug, 2017",665,166
Before Your Eyes,"8 Apr, 2021",,349
Keep Talking and Nobody Explodes,"8 Oct, 2015",,479
Tales of Arise,"9 Sep, 2021",,2299
Tales of Arise,"9 Sep, 2021",,2299
Dead Rising 4: Frank's Big Package,,3618,723
Stellaris: Starter Pack,,,2412
【豪华版】嗜血印本体+全部服装DLC,,3090,1230
Danganronpa Another Episode: Ultra Despair Girls,"27 Jun, 2017",729,291
Swords of Legends Online - Collector's Edition,,,7499
American Truck Simulator,"2 Feb, 2016",,1089
CLANNAD,"23 Nov, 2015",959,479
FINAL FANTASY VIII - REMASTERED,"3 Sep, 2019",1099,549
Borderlands 3 Ultimate Edition,,,3872
OneShot,Dec 2016,369,221
Danganronpa 2: Goodbye Despair,"18 Apr, 2016",565,226
Iron Harvest,"31 Aug, 2020",,1899
Wreckfest Complete Edition,,,1898
Danganronpa 1 + 2,,1130,406
DRAGON QUEST BUILDERS™ 2,"10 Dec, 2019",,2999
Tom Clancy's Ghost Recon® Wildlands,"6 Mar, 2017",,2499
BlazBlue: Cross Tag Battle,"20 Nov, 2019",699,349
Senren＊Banka,"14 Feb, 2020",759,569
Little Nightmares II,"10 Feb, 2021",,1199
AH3X Complete Edition,,1167,610
The Elder Scrolls Online - Blackwood,"1 Jun, 2021",,2400
Super Bunny Man,"31 Aug, 2017",,479
The Dark Pictures Anthology: Little Hope,"29 Oct, 2020",1099,725
Cat Goes Fishing,"19 Jan, 2015",,319
ATRI -My Dear Moments-,"18 Jun, 2020",555,444
Neon Abyss,"14 Jul, 2020",,529
Destiny 2: Season of the Chosen Silver Bundle,"9 Feb, 2021",,1200
EVERSPACE™ 2,"18 Jan, 2021",,959
Borderlands 3: Season Pass 2,"9 Nov, 2020",,1500
Plants vs. Zombies GOTY Edition,"5 May, 2009",,259
Atelier Mysterious Trilogy Deluxe Pack,,,2022
Touhou Luna Nights,"25 Feb, 2019",499,334
People Playground,"23 Jul, 2019",,349
Trine 4: The Nightmare Prince,"8 Oct, 2019",699,174
Raging Loop,"23 Aug, 2017",729,473
Resident Evil 2,"24 Jan, 2019",,1999
My Summer Car,"24 Oct, 2016",,479
ENDER LILIES: Quietus of the Knights,"20 Jan, 2021",,529
Northgard,"7 Mar, 2018",,699
Aseprite,"22 Feb, 2016",,529
Space Engineers Ultimate Edition,,,1905
Necromunda: Hired Gun,"1 Jun, 2021",1599,1359
The Legend of Heroes: Trails of Cold Steel III Digital Limited Edition,,3334,1479
Higurashi When They Cry Hou,,2243,1176
TEKKEN 7 - Season Pass 2,"5 Sep, 2018",999,399
FINAL FANTASY X/X-2 HD Remaster,"12 May, 2016",,729
恐惧之间 Fear surrounds,"25 Feb, 2021",,299
DARK SOULS™ II: Scholar of the First Sin,"1 Apr, 2015",,2627
Medieval Dynasty,"17 Sep, 2020",,899
The Iga's Back Bundle,,3197,1358
Kerbal Space Program Complete Edition,,,1520
SPORE™,"19 Dec, 2008",,999
GTA V: Whale Shark Cash Card (Placeholder DLC),,,1958
Ghostrunner,"27 Oct, 2020",,2099
The Room Collection,,,959
GOD EATER 2 Rage Burst,"29 Aug, 2016",989,148
100% Orange Juice - Halena & Cook Character Pack,"4 May, 2021",125,112
Fallout 4,"9 Nov, 2015",,2000
MotoGP™21,"22 Apr, 2021",,1099
Warpips Supporter Bundle,,464,374
DOOM,"12 May, 2016",,1599
Car Mechanic Simulator 2018,"28 Jul, 2017",,565
Conan Exiles: Isle of Siptah,"15 Sep, 2020",,498
Total War: WARHAMMER II - The Twisted & The Twilight,"3 Dec, 2020",,369
SENRAN KAGURA Peach Beach Splash,"7 Mar, 2018",699,279
NEKOPARA Vol. 4,"26 Nov, 2020",349,279
Fallout 4 - Creation Club,"24 Aug, 2017",,540
Transport Fever 2,"11 Dec, 2019",,959
DJMAX RESPECT V - V Extension PACK,"11 Mar, 2020",1600,560
Titanfall Collection,,,1998
Stellaris: Ascension Pack,,,3089
Fallout 4 - Creation Club,"24 Aug, 2017",,540
Muv-Luv Alternative (マブラヴ オルタネイティヴ),"28 Feb, 2018",899,539
Chernobylite,"16 Oct, 2019",,999
Headup Games Complete,,22357,17854
Castle Crashers®,"26 Sep, 2012",,459
Bug Fables: The Everlasting Sapling,"21 Nov, 2019",529,343
The Witcher® 3: Wild Hunt,"18 May, 2015",,800
DYNASTY WARRIORS 9 Special Weapon Edition / 真・三國無双８ 追加武器エディション,"4 Dec, 2019",959,575
X-Plane 11,"30 Mar, 2017",,2899
The Legend of Heroes: Trails in the Sky SC,"29 Oct, 2015",729,473
Cities: Skylines,"10 Mar, 2015",,729
Getting Over It with Bennett Foddy,"6 Dec, 2017",,299
Surviving Mars: First Colony Edition,,,1773
Call of Duty®: Modern Warfare® 2,"11 Nov, 2009",,1300
Pacer,Oct 2020,899,179
The Sims™ 4 Deluxe + Seasons Bundle,,,3628
Kingdom Come: Deliverance Royal Edition,"28 May, 2019",,899
Two Point Hospital,"29 Aug, 2018",,1199
Geometry Dash,"22 Dec, 2014",,165
FaceRig,"7 Jul, 2015",,479
STAR WARS™: The Old Republic™ - 60 Day Game Time,"21 Jul, 2020",,2199
The Flipper Bundle,,,1203
Prison Architect - Total Lockdown,,,1530
Devil Slayer - Raksasi,"22 Apr, 2021",,459
Azur Lane Crosswave Complete Deluxe Edition Bundle / コンプリートデラックスエディション / 完全豪華組合包,,1568,551
Control Ultimate Edition,"27 Aug, 2020",,2999
Call of Duty®: Black Ops III,"5 Nov, 2015",,3999
Stellaris: Necroids Species Pack,"29 Oct, 2020",,299
Total War: THREE KINGDOMS - Fates Divided,"11 Mar, 2021",,450
Dead by Daylight - Silent Hill Edition,,,1781
Fate/EXTELLA,"25 Jul, 2017",899,449
Mortal Kombat 11 Ultimate + Injustice 2 Legendary Edition Bundle,"16 Mar, 2021",,4999
The Walking Dead: The Telltale Definitive Series,"29 Oct, 2020",,1099
TEKKEN 7 - DLC16: Kunimitsu,"9 Nov, 2020",199,99
DRAGON BALL XENOVERSE 2 - Legendary Pack Set,"17 Mar, 2021",,1099
Farming Simulator 19 - Platinum Edition,"22 Oct, 2019",,999
The Evil Within Bundle,,1559,779
THE KING OF FIGHTERS XIV STEAM EDITION,"15 Jun, 2017",1889,944
Ori: The Collection,,,808
Foundation,"1 Feb, 2019",,699
The Outer Worlds: Non-Mandatory Corporate-Sponsored Bundle,,,4310
DARK SOULS III Deluxe Edition,"11 Apr, 2016",,4918
Solasta: Crown of the Magister,"20 Oct, 2020",,899
Total War™: ROME II - Emperor Edition,"2 Sep, 2013",,2699
Untitled Goose Game,"23 Sep, 2020",,529
Unrailed!,"23 Sep, 2020",,489
Euro Truck Simulator 2 Essentials,,,2461
The Bus,"25 Mar, 2021",,699
F1® 2021,"16 Jul, 2021",,3499
MONOPOLY® PLUS,"7 Sep, 2017",,749
Project CARS 3,"27 Aug, 2020",2499,999
UNDER NIGHT IN-BIRTH Exe:Late[cl-r],"20 Aug, 2018",899,449
House Party,"30 Jun, 2017",,569
The Binding of Isaac: Afterbirth,"30 Oct, 2015",,379
Zero Hour,"12 Aug, 2020",,675
DJMAX RESPECT V - GROOVE COASTER PACK,"13 Apr, 2020",1065,372
DJMAX RESPECT V - TECHNIKA 3 PACK,"23 Sep, 2020",1600,560
Grim Dawn,"25 Feb, 2016",,619
STAR WARS™ Jedi Knight - Jedi Academy™,"16 Sep, 2009",349,122
Brawlhalla - All Legends (Current and Future),"3 Nov, 2015",,999
ARK: Survival Evolved Season Pass,"1 Sep, 2016",,929
Friday the 13th: The Game,"25 May, 2017",,459
Post Scriptum,"9 Aug, 2018",,1045
RESIDENT EVIL 7 biohazard Gold Edition,,,2511
Call of Duty®: Black Ops II,"12 Nov, 2012",,3999
Jump King,"3 May, 2019",,449
Dead Rising 4,"14 Mar, 2017",1999,499
Mafia,"28 Aug, 2002",365,120
Phoenix Wright: Ace Attorney Trilogy,"9 Apr, 2019",,2499
New World,"31 Aug, 2021",,1499
Middle-earth: Shadow of War Definitive Edition,"28 Aug, 2018",,1149
Sid Meier's Civilization® VI: Gathering Storm,"13 Feb, 2019",,1799
Everhood,"4 Mar, 2021",,369
The Dark Pictures Anthology: Man of Medan,"29 Aug, 2019",1099,362
Stranded Deep,"23 Jan, 2015",,459
ZONE OF THE ENDERS THE 2nd RUNNER : M∀RS / アヌビス ゾーン・オブ・エンダーズ : マーズ,"4 Sep, 2018",1890,472
The Legend of Heroes: Trails in the Sky the 3rd,"3 May, 2017",729,546
Car Mechanic Simulator 2018 - Platinum Edition,,,3257
Mr. Prepper,"18 Mar, 2021",,529
Mega Man Zero/ZX Legacy Collection,"25 Feb, 2020",2497,1648
Shadow of the Tomb Raider: Definitive Edition,,,2196
DCS: F/A-18C Hornet,"1 Jun, 2018",,6069
Warhammer: Vermintide 2 - Outcast Engineer Career,"19 Nov, 2020",,165
Fallout 4 - Creation Club,"24 Aug, 2017",,540
Fallout 4 - Creation Club,"24 Aug, 2017",,540
theHunter: Call of the Wild™- Complete Collection,,,3844
Call of Duty®: Black Ops,"9 Nov, 2010",,2500
Kenshi,"6 Dec, 2018",,699
Neon Abyss Deluxe Edition,,,879
DJMAX RESPECT V - TRILOGY PACK,"13 Apr, 2020",1065,372
Night of the Dead,"27 Aug, 2020",,569
Crystar,"27 Aug, 2019",1299,519
Starbound,"22 Jul, 2016",,479
Call of Duty®: Modern Warfare® Remastered,"27 Jul, 2017",,2750
Zero Escape: The Nonary Games,"24 Mar, 2017",699,279
Pixel Game Maker MV,"19 Sep, 2019",1749,577
Dojin Otome Bundle,,1337,962
Mortal Kombat 11 Ultimate Add-On Bundle,"17 Nov, 2020",,1149
American Truck Simulator - Colorado,"12 Nov, 2020",,409
DYNASTY WARRIORS 8 Empires,"26 Feb, 2015",989,395
Fallout 76,"14 Apr, 2020",,2499
No Place Like Home,"23 Dec, 2020",,349
Trine: Ultimate Collection,,2338,465
Jurassic World Evolution,"11 Jun, 2018",,2855
The Jackbox Party Pack 3,"17 Oct, 2016",,619
Swords of Legends Online,Summer 2021,,2999
EARTH DEFENSE FORCE 4.1 The Shadow of New Despair,"18 Jul, 2016",529,317
Mega Man X Legacy Collection 1+2 Bundle / ロックマンX アニバーサリー コレクション 1+2 バンドル,,3598,1798
Absolute Despair Collection,,1859,668
Microsoft Flight Simulator,"17 Aug, 2020",,3999
Depth,"3 Nov, 2014",,529
Space Haven,"21 May, 2020",,549
Tower Unite,"8 Apr, 2016",,529
Apex Legends™ Legendary Bundle,,,5096
Total War: THREE KINGDOMS - The Furious Wild,"3 Sep, 2020",,869
Stellaris: MegaCorp,"6 Dec, 2018",,529
Ys: Memories of Celceta,"25 Jul, 2018",569,341
SENRAN KAGURA Burst Re:Newal,"22 Jan, 2019",699,279
Jurassic World Evolution: Premium Edition,,,6957
Ori and the Will of the Wisps,"10 Mar, 2020",,699
Dead Cells,"6 Aug, 2018",,629
Mortal Kombat XL,,,849
Age of Mythology: Extended Edition,"8 May, 2014",,729
Summer Memories+ - Expansion DLC,"8 Jan, 2021",349,279
Dragon Marked For Death,"21 Apr, 2020",899,539
Soundpad,"30 Sep, 2017",,199
Battlefield 1 ™,"11 Jun, 2020",,2499
Back 4 Blood,"12 Oct, 2021",,2999
Planet Zoo: Southeast Asia Animal Pack,"30 Mar, 2021",,782
Marco & The Galaxy Dragon,"28 Feb, 2020",529,317
SEGA Mega Drive and Genesis Classics,,4622,464
"Flashing Lights - Police, Firefighting, Emergency Services Simulator","7 Jun, 2018",529,396
WORLD OF FINAL FANTASY® COMPLETE EDITION,,1330,644
Don't Starve MEGA PACK 2020,,,1163
GTA V: Great White Shark Cash Card (Placeholder DLC),,,783
Atelier Ryza: Ever Darkness & the Secret Hideout,"28 Oct, 2019",,1299
Hellish Quart,"16 Feb, 2021",,489
Planet Coaster: Complete the Collection,,,9168
Call of Duty®: Modern Warfare® 3,"7 Nov, 2011",,2500
Euro Truck Simulator 2 - Road to the Black Sea,"5 Dec, 2019",,559
Viscera Cleanup Detail,"23 Oct, 2015",,439
ARK: Extinction - Expansion Pack,"1 Sep, 2016",,529
Ys SEVEN,"30 Aug, 2017",619,371
Metro Exodus - Gold Edition,,,1499
Project Wingman,"1 Dec, 2020",,569
Emily is Away <3,"16 Apr, 2021",,349
Sid Meier's Civilization® V,"23 Sep, 2010",,1499
Muv-Luv (マブラヴ),"28 Feb, 2018",699,419
Deep Rock Galactic: Dwarven Legacy,,,2161
XCOM® 2 Collection,,,4333
Warframe Octavia Prime Access: Amp Bundle,,,9339
Utawarerumono Complete Bundle,,4957,2497
Warhammer: Vermintide 2 - Winds of Magic,"13 Aug, 2019",,529
Need for Speed™ Hot Pursuit Remastered,"6 Nov, 2020",,1999
The Slormancer,"6 Apr, 2021",,459
Cooking Simulator Complete Bundle!,,1666,979
Forza Horizon 4 Ultimate Add-on Bundle,,,1509
Rival Stars Horse Racing: Desktop Edition,"24 Jun, 2020",,999
Dead by Daylight - Stranger Things Chapter,"17 Sep, 2019",,399
Amazing Cultivation Simulator,"24 Nov, 2020",,989
ELDERBORN Metal AF Edition,,749,387
Sonic Generations Collection,,565,141
DYNASTY WARRIORS 9 Special Scenario Edition / 真・三國無双８ 追加シナリオエディション,"4 Dec, 2019",1099,659
Richman10,"24 Oct, 2019",,439
Total War: MEDIEVAL II - Definitive Edition,"27 Nov, 2007",,1129
Oblivion Game of the Year Deluxe,"16 Jun, 2009",,619
Total War: WARHAMMER II - Rise of the Tomb Kings,"23 Jan, 2018",,900
Superliminal,"5 Nov, 2020",,529
X4: Cradle of Humanity,"16 Mar, 2021",,349
STAR WARS™ Episode I Racer,"16 Nov, 2018",349,122
Azur Lane Crosswave,"13 Feb, 2020",1099,439
Door Kickers 2: Task Force North,"3 Nov, 2020",,529
Rakuen Collector's Edition,,863,472
X4: Split Vendetta,"31 Mar, 2020",349,279
Borderlands: The Handsome Collection,,,2966
Age of Empires II: Definitive Edition + Age of Empires II (2013),,,821
Zombie Army 4: Dead War,"18 Feb, 2021",,1099
Substance Painter 2021,"28 Jan, 2021",,3199
Sugar * Style,"30 Apr, 2021",699,629
Kerbal Space Program,"27 Apr, 2015",,849
Snow-Swept Quest,"30 Apr, 2021",349,314
觅长生,"25 Nov, 2019",549,494
Zombie Army 4: Dead War,"18 Feb, 2021",,1099
Element TD 2 - Multiplayer Tower Defense,"2 Apr, 2021",,499
Muse Dash,"19 Jun, 2019",180,138
Conan Exiles - Isle of Siptah Edition,,,1347
VTOL VR,"3 Aug, 2017",,729
Rocksmith® 2014 Edition - Remastered,"4 Oct, 2016",,1499
Empyrion - Galactic Survival,"5 Aug, 2020",,565
NEKOPARA Vol. 1,"29 Dec, 2014",369,147
Pathfinder: Kingmaker - Imperial Edition Bundle,,,1313
RESIDENT EVIL 2 / BIOHAZARD RE:2 Deluxe Edition,"24 Jan, 2019",,2499
5D Chess With Multiverse Time Travel,"22 Jul, 2020",,399
Mafia II: Definitive Edition,"19 May, 2020",1699,849
Hellsplit: Arena,"9 Sep, 2019",,569
Path Of Wuxia,"30 Apr, 2020",,799
Re:ZERO -Starting Life in Another World- The Prophecy of the Throne,"27 Jan, 2021",1299,909
War of Rights,"3 Dec, 2018",,2234
The Jackbox Party Pack 5,"17 Oct, 2018",,699
POPULATION: ONE,"22 Oct, 2020",,699
Europa Universalis IV,"13 Aug, 2013",,849
Partisans 1941,"14 Oct, 2020",899,593
The Sims™ 4 Deluxe + Cats & Dogs Bundle,,,3628
Across the Obelisk,"8 Apr, 2021",,499
METAL SLUG Bundle,"14 Sep, 2015",519,259
Wasteland 3,"27 Aug, 2020",,1299
Muv-Luv War and Peace,,2866,1546
Warhammer: Vermintide 2 - Grail Knight Career,"23 Jun, 2020",,165
DJMAX RESPECT V - BLACK SQUARE PACK,"27 May, 2020",1420,497
Subsistence,"25 Oct, 2016",,459
Hunt: Showdown - Collector's Edition,,6774,4712
The Outer Worlds,"23 Oct, 2020",,2990
Enter the Gungeon,"5 Apr, 2016",,479
DCS: F-16C Viper,"3 Oct, 2019",,6069
Fall Guys Collector's Edition,,,699
Home Sweet Home : Survive,"25 Mar, 2021",,259
Ravenfield,"18 May, 2017",,479
Fable Anniversary,"12 Sep, 2014",,769
Visage,"29 Oct, 2020",,759
Castlevania: Lords of Shadow 2,"25 Feb, 2014",2614,653
VEGAS Pro 14 Edit Steam Edition,"30 Sep, 2016",11750,3290
PGA TOUR 2K21,"20 Aug, 2020",,2999
Romancing SaGa 3™,"11 Nov, 2019",1099,549
Sands of Salzaar,"2 Jan, 2020",459,367
Arcana Heart 3 LOVEMAX SIXSTARS!!!!!! XTEND,"12 Dec, 2017",729,240
Evil Genius 2: World Domination,"30 Mar, 2021",,899
DYNASTY WARRIORS 7: Xtreme Legends Definitive Edition,"5 Dec, 2018",529,370
Heroes of the Three Kingdoms 8,"12 Jan, 2021",1499,1349
TECHNIKA 1+2+3 FULL BUNDLE,,6570,1953
Expansion - Hearts of Iron IV: Battle for the Bosporus,"15 Oct, 2020",,349
Clue/Cluedo: The Classic Mystery Game,"17 May, 2018",399,199
UBOAT,"30 Apr, 2019",,699
Mega Man Legacy Collection 1 & 2 Combo Pack,,2144,814
The Jackbox Party Quintpack,,,2411
American Truck Simulator - Utah,"7 Nov, 2019",,409
Street Fighter V - Champion Edition,,,2299
Magical Battle Cry,"8 Feb, 2021",,219
Call of Duty: World at War,"18 Nov, 2008",,1300
CLANNAD Bundle,,2089,914
Frostpunk: Season Pass,,1107,774
Disgaea 4 Complete+,"10 Sep, 2020",899,539
PC Building Simulator,"29 Jan, 2019",,529
LEGO® STAR WARS™: The Force Awakens,"27 Jun, 2016",1899,474
Battle Chasers: Nightwar,"3 Oct, 2017",999,249
Zero Escape Trilogy,,1228,392
Hunt: Showdown - The Wolf at the Door,"28 Apr, 2021",349,314
CarX Drift Racing Online - Complete,,,771
STEINS;GATE: My Darling's Embrace,"10 Dec, 2019",699,349
Wreckfest,"14 Jun, 2018",,1139
Knights College,"15 Jan, 2021",569,455
Melty Blood Actress Again Current Code,"19 Apr, 2016",619,123
Dead By Daylight - Silent Hill Chapter,"16 Jun, 2020",,259
Oxygen Not Included - Spaced Out!,"8 Dec, 2020",,419
RollerCoaster Tycoon® 3: Complete Edition,"24 Sep, 2020",,529
ALTF4,"19 Feb, 2021",,85
Cities: Skylines - Green Cities,"19 Oct, 2017",,439
Spiritfarer®,"18 Aug, 2020",,699
Tokyo Xanadu eX+,"8 Dec, 2017",1299,259
Rise of the Tomb Raider™,"9 Feb, 2016",,999
PAYDAY 2: Buluc's Mansion Bundle,,634,319
Your Cozy Place Bundle,,,900
Empires of the Undergrowth,"1 Dec, 2017",,529
Chronos series,,1398,838
STAR WARS™ Classic Collection,,2532,660
Generation Zero®,"26 Mar, 2019",,785
Borderlands 2,"20 Sep, 2012",,999
ARK: Aberration - Expansion Pack,"1 Sep, 2016",,565
Overcooked! All You Can Eat,"23 Mar, 2021",,899
PC Building Simulator - Maxed Out Edition,,2461,2072
Dungeon Defenders: Awakened,"28 May, 2020",,699
Mr. Prepper in the Endzone,,,1044
RealFlight 9.5,"3 Sep, 2019",,5249
RealFlight 9.5,"3 Sep, 2019",,5249
SCARLET NEXUS,"24 Jun, 2021",,2599
LOVE³ -Love Cube-,"25 Jul, 2019",349,226
Ultimate Admiral: Age of Sail,"7 Apr, 2021",,899
BALAN WONDERWORLD,"26 Mar, 2021",2999,2009
The Sims™ 3,"27 Jan, 2011",,1499
killer7,"15 Nov, 2018",549,219
Puyo Puyo™Tetris®,"27 Feb, 2018",665,399
Tiny Bunny,"16 Apr, 2021",,349
Command & Conquer™ Remastered Collection,"5 Jun, 2020",,999
Mega Man 11,"2 Oct, 2018",2499,1249
Onward,"29 Aug, 2016",,619
Clue/Cluedo: Season Pass,"17 May, 2018",759,379
Onward,"29 Aug, 2016",,619
Parkitect Deluxe,,,1257
Assetto Corsa Competizione - British GT Pack,"10 Feb, 2021",929,743
Planet Zoo,"5 Nov, 2019",,2149
Counter-Strike: Source,"1 Nov, 2004",,349
Life is Strange: True Colors Ultimate Edition,,,4023
Yakuza 5 Remastered,"28 Jan, 2021",665,532
Becastled,"8 Feb, 2021",,459
Vanquish,"25 May, 2017",665,166
Mega Man X Legacy Collection,"24 Jul, 2018",1799,899
Cities: Skylines - After Dark,"24 Sep, 2015",,479
New World,"31 Aug, 2021",,1499
Resident Evil 3,"2 Apr, 2020",,3499
eFootball PES 2021 SEASON UPDATE,"15 Sep, 2020",800,264
GUILTY GEAR -STRIVE-,"11 Jun, 2021",,1299
DJMAX RESPECT V - CHUNITHM PACK,"9 Dec, 2020",710,390
Spelunky 2,"29 Sep, 2020",,529
Age of Empires II (2013),"9 Apr, 2013",,565
Tropico 6,"29 Mar, 2019",,1099
RACCOON CITY EDITION,,,4499
Trailmakers,"18 Sep, 2019",,569
"Warhammer 40,000: Dawn of War - Master Collection",,,1299
Wargame: Red Dragon,"17 Apr, 2014",,1099
Sonic and All-Stars Racing Transformed Collection,"31 Jan, 2013",565,141
Ultra Street Fighter® IV,"7 Aug, 2014",1799,449
Warhammer: Vermintide 2 - Back to Ubersreik,"10 Dec, 2018",,349
Farm Together,"11 Oct, 2018",,529
Shogun 2 Collection,,,2249
Wanted Raccoon,"19 Mar, 2021",,529
Liftoff: FPV Drone Racing,"13 Sep, 2018",,565
Streamer Life Simulator,"21 Aug, 2020",529,317
Parkitect,"29 Nov, 2018",,699
More Spore,,,2007
X Universe - 20th Anniversary Collection,,9928,3891
Deadside,"14 Apr, 2020",,529
Half-Life Complete,,,1342
DMC4SE Demon Hunter Bundle + DmC Complete Pack,,5110,1568
Kingdoms Reborn,"2 Nov, 2020",,529
Creeper World 4,"3 Dec, 2020",,569
STAR WARS™ Jedi Knight II - Jedi Outcast™,"16 Sep, 2009",349,122
The Jackbox Party Pack 6,"16 Oct, 2019",,699
Northgard: The Viking Age Edition,,,1703
Castlevania Anniversary Collection,"16 May, 2019",529,132
Trials of Fire,"9 Apr, 2021",,529
City Car Driving,"3 Nov, 2016",,1019
"Hot Dogs, Horseshoes & Hand Grenades","5 Apr, 2016",,565
Pistol Whip,"7 Nov, 2019",,569
Batman: Arkham Collection,"28 Nov, 2018",,1349
Youtubers Life,"2 Feb, 2017",1199,395
Firewatch,"9 Feb, 2016",,565
The Sims™ 4 City Living,"18 Jun, 2020",,2499
Plants vs. Zombies: Battle for Neighborville™,"4 Jun, 2020",,3499
Sakuna: Of Rice and Ruin,"10 Nov, 2020",,899
Crypto Mining Simulator,"24 Apr, 2021",,349
Wrench,"19 Dec, 2018",699,559
Iron Harvest,"31 Aug, 2020",,1899
Total War: SHOGUN 2,"15 Mar, 2011",,1349
The Long Drive,"25 Sep, 2019",,399
DOOM Eternal Deluxe Edition,"19 Mar, 2020",,4999
Cities: Skylines - Parklife,"24 May, 2018",,459
NARUTO SHIPPUDEN: Ultimate Ninja STORM 4 - Season Pass,"7 Mar, 2016",1313,656
Frostpunk: Game of the Year Edition,,1806,1326
ROMANCE OF THE THREE KINGDOMS XIV: Diplomacy and Strategy Expansion Pack,"9 Dec, 2020",,2216
Dead by Daylight - Spark of Madness Chapter,"11 May, 2017",,319
Shenmue I & II,"21 Aug, 2018",2749,687
Warhammer: Vermintide 2 - Outcast Engineer Bundle,,,380
Total War: THREE KINGDOMS - A World Betrayed,"19 Mar, 2020",,450
TerraTech,"10 Aug, 2018",,569
Sid Meier’s Civilization® VI: Rise and Fall,"7 Feb, 2018",,1249
The Elder Scrolls Online - Blackwood,"1 Jun, 2021",,2400
STAR OCEAN™ - THE LAST HOPE -™ 4K & Full HD Remaster,"28 Nov, 2017",595,297
DiRT Rally 2.0,"25 Feb, 2019",,569
SURV1V3,"29 Jan, 2018",,569
Cruelty Squad,"4 Jan, 2021",,529
Plague Inc: Evolved,"18 Feb, 2016",,479
Circuit Superstars,"5 Mar, 2021",,800
SCARLET NEXUS,"24 Jun, 2021",,2599
DJMAX RESPECT V - TECHNIKA 2 PACK,"23 Sep, 2020",1420,497
New Gundam Breaker,"24 Sep, 2018",1199,239
The Jackbox Party Pack 4,"18 Oct, 2017",,619
Age of History II,"21 Nov, 2018",,199
Train Sim World® 2: Collector’s Edition,"10 Nov, 2020",,1149
Dying Light Ultimate Collection,,,3941
Stream Avatars,"26 Jul, 2017",,459
DARK SOULS™ III - Season Pass,Apr 2016,,619
Automation - The Car Company Tycoon Game,"12 Mar, 2015",,699
EZ2ON REBOOT : R,"17 Mar, 2021",,2490
Total War: WARHAMMER II - The Warden & The Paunch,"21 May, 2020",,369
Live2DViewerEX,"30 Jun, 2017",,259
MX Bikes,"7 Oct, 2019",,759
GUILTY GEAR XX ACCENT CORE PLUS R,"26 May, 2015",479,95
Grand Theft Auto V - Criminal Enterprise Starter Pack,"14 Dec, 2017",,539
Remnant: From the Ashes - Complete Edition,,,1791
TEKKEN 7 - DLC18: Lidia Sobieska,"23 Mar, 2021",,199
This Land Is My Land,"20 Nov, 2019",,899
We Were Here Together,"10 Oct, 2019",,419
Grand Theft Auto: San Andreas,"6 Jan, 2011",,783
Killing Floor 2,"18 Nov, 2016",,729
The Crew™ 2,"28 Jun, 2018",,2499
Dragon Age: Origins - Ultimate Edition,"26 Oct, 2010",,1499
Total War: WARHAMMER II - Curse of the Vampire Coast,"8 Nov, 2018",,900
DJMAX RESPECT V - TECHNIKA PACK,"23 Sep, 2020",1420,497
PAYDAY 2: Dragon Pack,"17 Mar, 2021",,259
The Escapists 2,"21 Aug, 2017",,565
Intruder,"1 Mar, 2019",,529
The House in Fata Morgana,"13 May, 2016",619,309
The Sims™ 4 Get Famous,"18 Jun, 2020",,2499
Injustice™ 2,"30 Nov, 2017",,2750
CHAOS;CHILD,"22 Jan, 2019",759,303
Cities: Skylines - Sunset Harbor,"26 Mar, 2020",,459
Divinity: Original Sin - The Source Saga,,,1286
Mad Games Tycoon 2,"21 Jan, 2021",,569
Arma 3 Apex Edition,,,3957
Anniversary Collection Arcade Classics,"18 Apr, 2019",529,132
The Last Divinity,"25 Mar, 2021",,399
Secret Neighbor: Hello Neighbor Multiplayer,"24 Oct, 2019",,529
9-nine-,,2116,1332
NARUTO SHIPPUDEN: UNS 4 ROAD TO BORUTO NEXT GENERATIONS Pack,"22 Apr, 2020",459,229
Total War: ATTILA,"17 Feb, 2015",,2029
Civilization VI – Civilization & Scenario Pack Bundle,,,386
AKIBA'S TRIP: Undead ＆ Undressed,"26 May, 2015",529,264
A Hat in Time - Ultimate Edition,,,1227
"Warhammer 40,000: Inquisitor - Martyr Complete Collection",,,2569
CARRION,"23 Jul, 2020",,529
Secret of Mana,"15 Feb, 2018",1299,649
